Product_Name,Product_Category,Sales_Price,Cost,Qty_On_Hand,Lagos,Ibadan,Vendors,Class,Responsible,Date_Added
Product_69,Supplements,4259.19,3044.32,47,0,17,Vendor_6,Beta,Ops,2025-07-10
Product_7,Prescription,9540.36,6912.39,0,0,0,Vendor_3,Beta,Procurement,2025-07-26
Product_76,Prescription,908.98,608.53,426,419,242,Vendor_14,Zigma,Supply Chain,2025-05-08
Product_9,Prescription,7857.8,6527.71,0,0,0,Vendor_10,Beta,Ops,2025-12-30
Product_33,Prescription,10191.82,6948.41,103,100,62,Vendor_11,Alpha,Ops,2025-12-06
Product_87,OTC,3138.18,2348.36,20,8,17,Vendor_12,Alpha,Ops,2025-07-09
Product_52,Prescription,1242.05,903.12,0,0,0,Vendor_4,Gamma,Ops,2025-01-14
Product_59,OTC,2434.21,1879.94,0,0,0,Vendor_14,Beta,Ops,2025-04-15
Product_98,Supplements,9649.65,7460.0,127,49,15,Vendor_2,Alpha,Ops,2025-10-16
Product_44,Supplements,5030.88,3804.46,355,344,206,Vendor_15,Alpha,Procurement,2025-12-12
Product_53,OTC,3167.26,2484.84,230,110,182,Vendor_8,Alpha,Supply Chain,2025-12-05
Product_81,Supplements,3935.9,3288.36,0,0,0,Vendor_1,Gamma,Ops,2025-08-03
Product_95,Prescription,3960.06,3110.87,77,62,64,Vendor_12,Gamma,Supply Chain,2025-11-20
Product_76,OTC,6394.89,4719.61,378,336,102,Vendor_3,Beta,Ops,2025-08-03
Product_54,OTC,2885.51,2285.14,278,193,151,Vendor_8,Gamma,Ops,2025-08-25
Product_56,Prescription,7189.58,5335.76,24,8,8,Vendor_14,Beta,Supply Chain,2025-02-21
Product_25,OTC,7840.84,6121.23,360,137,318,Vendor_20,Beta,Procurement,2025-08-17
Product_32,Prescription,7524.89,6733.9,0,0,0,Vendor_7,Zigma,Procurement,2025-08-29
Product_1,Supplements,9523.75,7751.6,471,374,329,Vendor_9,Alpha,Ops,2025-02-23
Product_94,OTC,2608.39,2314.87,0,0,0,Vendor_14,Zigma,Supply Chain,2025-09-23
Product_34,Prescription,6495.59,4365.97,165,36,118,Vendor_17,Zigma,Supply Chain,2025-03-08
Product_88,OTC,4049.44,3441.91,0,0,0,Vendor_18,Beta,Supply Chain,2025-02-25
Product_18,OTC,3316.87,2694.98,240,124,91,Vendor_16,Alpha,Supply Chain,2025-10-06
Product_36,Supplements,8373.25,7287.47,309,217,221,Vendor_11,Alpha,Supply Chain,2025-06-10
Product_32,Prescription,1020.54,842.55,71,70,71,Vendor_17,Beta,Ops,2025-11-22
Product_72,Prescription,6126.99,4359.03,95,56,8,Vendor_15,Zigma,Ops,2025-10-14
Product_89,OTC,6272.27,5451.71,0,0,0,Vendor_15,Alpha,Supply Chain,2025-10-04
Product_60,Prescription,7555.11,6264.98,0,0,0,Vendor_16,Zigma,Ops,2025-06-12
Product_66,Supplements,7458.58,5120.96,0,0,0,Vendor_18,Gamma,Supply Chain,2025-12-19
Product_49,Prescription,3620.47,2657.71,0,0,0,Vendor_9,Beta,Supply Chain,2025-04-28
Product_14,Prescription,8826.09,6617.61,0,0,0,Vendor_6,Beta,Supply Chain,2025-09-28
Product_36,Supplements,7203.22,5928.15,477,421,25,Vendor_6,Alpha,Procurement,2025-07-29
Product_70,Supplements,7098.67,5144.99,82,52,55,Vendor_18,Gamma,Supply Chain,2025-07-06
Product_100,Prescription,4613.27,3828.55,0,0,0,Vendor_14,Gamma,Supply Chain,2025-01-13
Product_20,Supplements,8170.98,6597.45,0,0,0,Vendor_3,Gamma,Procurement,2025-05-02
Product_48,Supplements,1349.14,1045.5,165,119,81,Vendor_18,Alpha,Procurement,2025-12-22
Product_51,OTC,4966.06,4161.1,0,0,0,Vendor_14,Zigma,Supply Chain,2025-03-02
Product_19,Supplements,3525.4,2724.0,0,0,0,Vendor_17,Gamma,Ops,2025-11-19
Product_95,OTC,6088.05,4862.78,442,281,199,Vendor_2,Beta,Ops,2025-04-09
Product_62,Supplements,1642.19,1170.51,0,0,0,Vendor_8,Beta,Procurement,2025-08-28
Product_94,Supplements,8635.0,6558.04,0,0,0,Vendor_9,Alpha,Procurement,2025-11-03
Product_2,OTC,4684.71,3884.39,348,137,101,Vendor_6,Gamma,Procurement,2025-11-30
Product_92,Prescription,8942.75,7346.14,0,0,0,Vendor_17,Gamma,Ops,2025-08-11
Product_72,OTC,4300.08,3431.1,0,0,0,Vendor_16,Alpha,Ops,2025-01-23
Product_77,Prescription,3073.37,2357.52,0,0,0,Vendor_4,Gamma,Ops,2025-12-22
Product_100,OTC,1253.89,1097.05,282,46,248,Vendor_12,Zigma,Ops,2025-03-20
Product_32,OTC,2517.69,2184.31,374,341,347,Vendor_14,Beta,Procurement,2025-10-07
Product_46,Supplements,9111.51,6910.22,122,119,17,Vendor_18,Alpha,Procurement,2025-02-12
Product_71,OTC,474.63,371.69,133,72,30,Vendor_19,Beta,Ops,2025-06-05
Product_44,OTC,5307.69,3945.45,448,441,216,Vendor_19,Alpha,Procurement,2025-01-02
Product_20,Supplements,9664.76,6609.59,208,113,23,Vendor_18,Zigma,Supply Chain,2025-06-04
Product_42,OTC,7470.73,6656.03,0,0,0,Vendor_13,Zigma,Procurement,2025-07-26
Product_22,Supplements,2214.9,1554.35,0,0,0,Vendor_20,Alpha,Ops,2025-09-14
Product_34,Supplements,9883.93,6715.71,404,186,61,Vendor_12,Gamma,Procurement,2025-12-03
Product_13,Supplements,769.89,688.91,0,0,0,Vendor_4,Beta,Procurement,2025-05-21
Product_46,Supplements,7812.05,6349.65,394,197,204,Vendor_12,Zigma,Ops,2025-08-02
Product_10,Supplements,7362.11,6505.36,0,0,0,Vendor_17,Beta,Supply Chain,2025-05-08
Product_64,Supplements,3725.95,3033.46,301,225,63,Vendor_13,Beta,Ops,2025-02-17
Product_21,OTC,1162.53,852.33,414,396,256,Vendor_6,Zigma,Ops,2025-03-06
Product_31,Prescription,6595.88,4966.31,0,0,0,Vendor_17,Zigma,Procurement,2025-02-28
Product_22,OTC,9286.76,7083.73,306,56,47,Vendor_15,Alpha,Ops,2025-11-24
Product_21,Prescription,10064.75,7613.68,0,0,0,Vendor_13,Beta,Ops,2025-08-04
Product_63,Supplements,1028.84,900.55,0,0,0,Vendor_3,Alpha,Procurement,2025-06-09
Product_25,OTC,7036.63,4825.17,156,156,1,Vendor_6,Gamma,Supply Chain,2025-11-25
Product_99,Prescription,1645.6,1293.58,0,0,0,Vendor_4,Gamma,Procurement,2025-09-30
Product_90,Prescription,6161.82,5458.77,0,0,0,Vendor_16,Alpha,Ops,2025-02-12
Product_31,Supplements,3668.53,2591.29,0,0,0,Vendor_5,Gamma,Supply Chain,2025-02-15
Product_78,Prescription,5213.78,3702.24,0,0,0,Vendor_13,Zigma,Procurement,2025-05-28
Product_77,OTC,1213.52,811.32,383,93,225,Vendor_15,Alpha,Procurement,2025-03-06
Product_14,Prescription,4007.83,2769.64,0,0,0,Vendor_3,Alpha,Supply Chain,2025-03-30
Product_45,Prescription,4023.34,3400.57,0,0,0,Vendor_13,Zigma,Ops,2025-08-02
Product_61,Supplements,2723.76,1952.15,228,45,158,Vendor_7,Gamma,Ops,2025-02-01
Product_96,OTC,5363.52,4563.32,0,0,0,Vendor_12,Zigma,Ops,2025-11-13
Product_4,OTC,3596.12,3012.78,144,51,111,Vendor_2,Zigma,Ops,2025-10-19
Product_8,Supplements,8293.41,6688.66,0,0,0,Vendor_3,Zigma,Ops,2025-11-27
Product_72,OTC,3027.86,2361.86,0,0,0,Vendor_5,Alpha,Procurement,2025-02-12
Product_55,OTC,8313.61,6285.46,0,0,0,Vendor_13,Beta,Supply Chain,2025-02-04
Product_36,OTC,5431.21,4121.47,0,0,0,Vendor_17,Beta,Procurement,2025-08-16
Product_7,Prescription,6468.6,5526.67,163,118,57,Vendor_5,Alpha,Ops,2025-03-04
Product_89,Prescription,7336.3,5724.6,0,0,0,Vendor_20,Beta,Procurement,2025-11-18
Product_52,OTC,4993.43,3997.04,0,0,0,Vendor_9,Zigma,Supply Chain,2025-07-08
Product_4,Supplements,1534.53,1113.89,115,71,42,Vendor_18,Alpha,Ops,2025-05-06
Product_55,Supplements,5686.96,4952.14,496,194,157,Vendor_19,Alpha,Procurement,2025-05-21
Product_6,Supplements,5489.74,4833.84,63,21,17,Vendor_12,Zigma,Ops,2025-03-02
Product_7,OTC,6353.57,4620.86,0,0,0,Vendor_12,Zigma,Procurement,2025-10-16
Product_96,Prescription,7979.16,7190.49,263,175,125,Vendor_12,Alpha,Procurement,2025-02-16
Product_74,Supplements,6436.31,4611.95,0,0,0,Vendor_13,Beta,Supply Chain,2025-12-03
Product_56,Supplements,9884.42,7191.76,0,0,0,Vendor_6,Gamma,Procurement,2025-02-19
Product_22,OTC,5940.41,5120.08,63,61,4,Vendor_2,Zigma,Supply Chain,2025-08-23
Product_37,OTC,2693.93,1969.47,323,182,56,Vendor_4,Gamma,Supply Chain,2025-05-25
Product_53,Prescription,1259.9,989.31,54,0,20,Vendor_20,Beta,Procurement,2025-01-21
Product_70,Prescription,8090.79,5596.91,0,0,0,Vendor_1,Zigma,Ops,2025-04-23
Product_65,OTC,1332.31,961.51,0,0,0,Vendor_2,Gamma,Supply Chain,2025-11-21
Product_28,Supplements,2379.09,1747.72,0,0,0,Vendor_18,Beta,Procurement,2025-06-30
Product_45,Supplements,3570.53,3131.36,460,174,183,Vendor_2,Gamma,Procurement,2025-01-23
Product_60,Supplements,3215.15,2503.93,0,0,0,Vendor_2,Beta,Ops,2025-02-28
Product_21,Supplements,696.47,477.46,0,0,0,Vendor_14,Alpha,Supply Chain,2025-10-12
Product_76,OTC,380.92,341.92,486,345,387,Vendor_14,Zigma,Procurement,2025-08-29
Product_18,Prescription,1810.57,1333.36,415,386,340,Vendor_8,Alpha,Supply Chain,2025-08-21
Product_33,OTC,3089.8,2271.36,0,0,0,Vendor_12,Beta,Ops,2025-08-01
Product_8,OTC,9206.4,7173.11,303,266,28,Vendor_17,Beta,Supply Chain,2025-09-04
Product_41,Prescription,6283.88,4979.77,70,18,45,Vendor_1,Beta,Supply Chain,2025-10-05
Product_34,OTC,4584.22,3128.04,151,143,96,Vendor_3,Alpha,Ops,2025-11-29
Product_50,OTC,10018.15,6987.27,316,160,284,Vendor_13,Zigma,Ops,2025-11-21
Product_61,Supplements,862.33,595.4,482,45,352,Vendor_20,Beta,Ops,2025-07-24
Product_48,Prescription,7947.69,6874.77,0,0,0,Vendor_7,Alpha,Procurement,2025-03-18
Product_80,Supplements,4626.94,3739.89,0,0,0,Vendor_20,Beta,Ops,2025-03-28
Product_14,OTC,6979.15,5816.69,0,0,0,Vendor_16,Alpha,Procurement,2025-09-05
Product_47,Prescription,10319.69,7702.92,0,0,0,Vendor_7,Alpha,Ops,2025-07-10
Product_67,Prescription,4147.66,3359.14,295,95,262,Vendor_2,Beta,Ops,2025-04-07
Product_21,OTC,8115.19,6847.45,0,0,0,Vendor_13,Gamma,Ops,2025-05-12
Product_2,Supplements,7720.51,6713.28,206,121,25,Vendor_4,Zigma,Ops,2025-09-17
Product_82,OTC,3274.49,2252.84,0,0,0,Vendor_4,Beta,Ops,2025-07-19
Product_3,OTC,10104.33,6744.34,0,0,0,Vendor_1,Gamma,Ops,2025-08-06
Product_18,OTC,7131.01,4992.9,51,0,41,Vendor_3,Zigma,Ops,2025-11-25
Product_37,Prescription,916.03,734.14,146,15,77,Vendor_3,Gamma,Supply Chain,2025-08-14
Product_92,OTC,6341.17,4807.39,150,111,126,Vendor_18,Alpha,Supply Chain,2025-01-21
Product_100,OTC,1449.68,1218.39,0,0,0,Vendor_15,Beta,Procurement,2025-03-26
Product_62,OTC,7908.24,6375.61,0,0,0,Vendor_4,Alpha,Procurement,2025-01-09
Product_85,OTC,3699.72,2551.6,284,19,232,Vendor_15,Gamma,Procurement,2025-08-09
Product_65,Supplements,931.05,659.47,495,349,83,Vendor_7,Beta,Procurement,2025-03-28
Product_79,OTC,9580.0,7581.69,237,7,208,Vendor_18,Zigma,Supply Chain,2025-08-11
Product_91,Prescription,3104.03,2265.29,0,0,0,Vendor_3,Beta,Supply Chain,2025-01-04
Product_29,Prescription,6224.08,4370.1,481,354,36,Vendor_9,Gamma,Procurement,2025-03-12
Product_62,Prescription,7604.09,5848.75,0,0,0,Vendor_19,Gamma,Procurement,2025-12-10
Product_61,Supplements,8116.43,6708.24,197,18,115,Vendor_8,Gamma,Supply Chain,2025-07-03
Product_75,Prescription,2014.41,1440.38,201,189,67,Vendor_14,Zigma,Ops,2025-12-14
Product_26,Supplements,8507.76,5800.78,0,0,0,Vendor_16,Gamma,Ops,2025-10-02
Product_19,OTC,3671.79,3336.43,0,0,0,Vendor_19,Alpha,Ops,2025-09-30
Product_12,Prescription,5096.75,4067.07,217,124,122,Vendor_11,Alpha,Supply Chain,2025-02-02
Product_90,Supplements,1025.19,871.16,0,0,0,Vendor_9,Beta,Ops,2025-03-21
Product_74,Supplements,8246.72,7189.67,348,135,24,Vendor_11,Beta,Procurement,2025-11-21
Product_57,Prescription,3096.02,2645.23,0,0,0,Vendor_19,Beta,Supply Chain,2025-04-05
Product_30,Prescription,8917.12,7261.07,0,0,0,Vendor_14,Zigma,Supply Chain,2025-09-29
Product_37,OTC,9064.26,6241.09,0,0,0,Vendor_17,Alpha,Ops,2025-11-30
Product_6,Prescription,3176.62,2711.5,354,37,149,Vendor_9,Gamma,Supply Chain,2025-11-04
Product_66,Supplements,5844.05,5216.79,238,90,88,Vendor_12,Alpha,Procurement,2025-09-26
Product_62,Supplements,9191.52,6929.96,0,0,0,Vendor_16,Zigma,Procurement,2025-08-15
Product_53,Supplements,4081.74,2974.12,449,392,209,Vendor_10,Zigma,Supply Chain,2025-01-29
Product_19,Supplements,7876.48,6080.15,26,1,13,Vendor_20,Alpha,Supply Chain,2025-03-08
Product_72,Prescription,9810.86,6751.62,496,241,236,Vendor_8,Beta,Ops,2025-02-23
Product_12,Supplements,10701.68,7183.59,50,36,21,Vendor_3,Beta,Procurement,2025-09-13
Product_90,Supplements,6003.22,5229.49,0,0,0,Vendor_9,Zigma,Supply Chain,2025-09-15
Product_43,Prescription,6978.69,6298.34,132,76,58,Vendor_6,Alpha,Supply Chain,2025-07-12
Product_57,Prescription,8458.54,6100.51,0,0,0,Vendor_17,Beta,Ops,2025-05-05
Product_85,OTC,2166.43,1504.49,480,68,68,Vendor_3,Alpha,Procurement,2025-03-22
Product_52,Prescription,3746.66,2737.81,412,212,321,Vendor_19,Beta,Supply Chain,2025-09-23
Product_8,Prescription,8666.51,7006.45,86,46,71,Vendor_7,Alpha,Supply Chain,2025-07-29
Product_22,Supplements,5704.98,4285.75,0,0,0,Vendor_13,Beta,Ops,2025-06-06
Product_3,Supplements,3071.48,2545.23,0,0,0,Vendor_4,Gamma,Supply Chain,2025-03-08
Product_15,Supplements,5895.36,4380.04,0,0,0,Vendor_14,Alpha,Procurement,2025-12-15
Product_92,Prescription,5009.95,4144.17,0,0,0,Vendor_16,Beta,Supply Chain,2025-11-12
Product_84,Supplements,3814.65,2658.04,339,146,258,Vendor_8,Zigma,Ops,2025-10-19
Product_27,OTC,5505.65,4784.45,0,0,0,Vendor_10,Gamma,Supply Chain,2025-12-31
Product_9,Prescription,6942.16,5609.41,0,0,0,Vendor_10,Alpha,Ops,2025-06-10
Product_51,Supplements,1191.24,1069.89,96,67,82,Vendor_18,Gamma,Ops,2025-06-24
Product_11,Supplements,452.46,350.25,0,0,0,Vendor_11,Gamma,Ops,2025-01-09
Product_26,OTC,694.89,557.38,325,309,111,Vendor_3,Alpha,Ops,2025-12-17
Product_86,OTC,9094.37,7646.81,227,108,188,Vendor_1,Beta,Ops,2025-11-29
Product_51,Prescription,910.68,721.07,266,21,39,Vendor_1,Beta,Procurement,2025-02-07
Product_67,OTC,1320.84,1040.17,0,0,0,Vendor_7,Zigma,Supply Chain,2025-04-17
Product_72,Prescription,7628.82,6510.02,340,136,335,Vendor_16,Zigma,Procurement,2025-04-05
Product_48,Prescription,7594.02,5180.64,0,0,0,Vendor_11,Alpha,Procurement,2025-01-28
Product_62,Supplements,5550.93,4764.72,0,0,0,Vendor_18,Alpha,Supply Chain,2025-02-25
Product_6,Supplements,7282.48,5966.84,297,280,188,Vendor_12,Gamma,Procurement,2025-03-07
Product_16,OTC,8514.89,7394.93,0,0,0,Vendor_8,Beta,Supply Chain,2025-06-13
Product_58,Prescription,1634.74,1287.05,426,316,173,Vendor_8,Zigma,Ops,2025-12-11
Product_8,Supplements,10327.07,7089.22,125,14,47,Vendor_14,Alpha,Supply Chain,2025-09-26
Product_70,Supplements,4592.14,3314.84,0,0,0,Vendor_19,Beta,Supply Chain,2025-01-17
Product_21,OTC,6176.27,4364.32,0,0,0,Vendor_17,Gamma,Procurement,2025-10-30
Product_53,Prescription,3745.96,2908.37,0,0,0,Vendor_8,Zigma,Ops,2025-10-12
Product_68,Prescription,3452.06,2798.17,0,0,0,Vendor_16,Gamma,Supply Chain,2025-04-11
Product_29,OTC,9461.75,6485.45,150,65,71,Vendor_13,Alpha,Supply Chain,2025-08-16
Product_72,Supplements,7813.65,7069.87,0,0,0,Vendor_4,Gamma,Supply Chain,2025-06-23
Product_38,Supplements,4866.03,3376.91,0,0,0,Vendor_8,Beta,Ops,2025-01-21
Product_28,OTC,6303.56,4776.97,0,0,0,Vendor_19,Gamma,Procurement,2025-09-17
Product_78,Prescription,7290.66,4947.58,0,0,0,Vendor_3,Beta,Supply Chain,2025-10-11
Product_9,Prescription,8759.63,7513.77,0,0,0,Vendor_2,Gamma,Ops,2025-09-11
Product_33,Supplements,3371.81,2374.07,0,0,0,Vendor_3,Zigma,Procurement,2025-08-22
Product_67,Prescription,3125.67,2727.17,0,0,0,Vendor_8,Alpha,Supply Chain,2025-12-14
Product_92,Prescription,2874.34,2206.65,0,0,0,Vendor_5,Beta,Supply Chain,2025-08-19
Product_63,OTC,839.09,735.17,0,0,0,Vendor_6,Alpha,Procurement,2025-02-25
Product_38,OTC,4125.86,3091.32,0,0,0,Vendor_11,Alpha,Procurement,2025-08-23
Product_5,Prescription,5792.12,4664.41,410,166,70,Vendor_17,Alpha,Procurement,2025-12-28
Product_65,OTC,6613.75,4586.84,0,0,0,Vendor_9,Alpha,Ops,2025-09-24
Product_69,Supplements,3822.91,2886.79,34,31,19,Vendor_4,Beta,Supply Chain,2025-04-24
Product_21,OTC,7315.24,6564.84,0,0,0,Vendor_10,Zigma,Supply Chain,2025-01-01
Product_25,Supplements,2774.8,1897.51,0,0,0,Vendor_17,Zigma,Supply Chain,2025-07-25
Product_53,Supplements,4140.4,3465.85,0,0,0,Vendor_6,Alpha,Procurement,2025-02-12
Product_82,OTC,5539.08,3878.11,393,306,143,Vendor_11,Gamma,Ops,2025-05-26
Product_55,Prescription,1339.99,1212.16,487,232,390,Vendor_3,Zigma,Ops,2025-09-28
Product_8,OTC,8797.05,6741.45,174,111,76,Vendor_9,Gamma,Supply Chain,2025-08-20
Product_72,Prescription,1591.28,1350.06,0,0,0,Vendor_9,Zigma,Ops,2025-03-21
Product_66,Prescription,547.63,411.77,194,31,107,Vendor_16,Gamma,Ops,2025-07-21
Product_93,OTC,5394.67,3611.43,0,0,0,Vendor_12,Alpha,Supply Chain,2025-04-24
Product_34,Supplements,7524.63,6761.9,50,2,16,Vendor_8,Zigma,Ops,2025-07-13
Product_66,Prescription,7752.92,7008.74,377,3,243,Vendor_7,Gamma,Supply Chain,2025-06-15
Product_32,Prescription,6881.33,6049.37,225,30,204,Vendor_4,Beta,Supply Chain,2025-07-26
Product_95,Supplements,4090.16,3334.44,377,367,240,Vendor_15,Zigma,Ops,2025-09-04
Product_30,OTC,1215.84,879.06,44,38,37,Vendor_3,Beta,Procurement,2025-01-21
Product_35,Supplements,9467.29,7113.94,0,0,0,Vendor_19,Zigma,Ops,2025-02-24
Product_75,Supplements,7935.07,6144.27,0,0,0,Vendor_9,Gamma,Procurement,2025-12-15
Product_79,Supplements,1849.22,1303.71,224,46,207,Vendor_14,Beta,Procurement,2025-08-23
Product_50,OTC,7595.5,5452.71,0,0,0,Vendor_8,Gamma,Supply Chain,2025-05-15
Product_59,Prescription,381.03,318.08,422,342,234,Vendor_2,Gamma,Ops,2025-12-15
Product_85,Supplements,4708.59,3464.4,0,0,0,Vendor_18,Gamma,Procurement,2025-02-20
Product_63,Supplements,3679.38,2718.65,0,0,0,Vendor_13,Alpha,Supply Chain,2025-09-02
Product_2,Supplements,7295.24,6248.42,151,108,119,Vendor_8,Zigma,Supply Chain,2025-03-20
Product_45,OTC,2666.63,2321.32,0,0,0,Vendor_11,Alpha,Supply Chain,2025-01-29
Product_56,Prescription,11624.37,7986.31,0,0,0,Vendor_6,Gamma,Ops,2025-08-28
Product_50,Supplements,7646.83,5235.75,0,0,0,Vendor_9,Beta,Ops,2025-08-24
Product_32,Supplements,11614.67,7759.89,0,0,0,Vendor_18,Gamma,Ops,2025-06-06
Product_5,Supplements,3461.41,2962.12,0,0,0,Vendor_8,Alpha,Ops,2025-02-07
Product_52,Supplements,9422.31,7182.06,0,0,0,Vendor_10,Beta,Supply Chain,2025-12-14
Product_15,Prescription,9578.62,7998.01,0,0,0,Vendor_5,Alpha,Ops,2025-08-09
Product_73,OTC,3450.65,2311.59,0,0,0,Vendor_11,Beta,Procurement,2025-10-27
Product_2,Prescription,651.53,538.47,0,0,0,Vendor_1,Beta,Procurement,2025-07-30
Product_68,Prescription,10738.5,7192.27,0,0,0,Vendor_17,Gamma,Supply Chain,2025-06-07
Product_6,Prescription,496.71,445.74,0,0,0,Vendor_13,Alpha,Procurement,2025-02-18
Product_78,OTC,10378.32,7397.3,0,0,0,Vendor_20,Alpha,Procurement,2025-05-07
Product_87,Supplements,7062.61,5039.28,420,31,319,Vendor_14,Alpha,Procurement,2025-09-26
Product_39,Prescription,8118.9,6336.43,447,284,94,Vendor_10,Beta,Supply Chain,2025-02-10
Product_80,OTC,8189.48,5588.87,276,177,193,Vendor_12,Beta,Procurement,2025-12-02
Product_21,OTC,2797.22,2298.54,0,0,0,Vendor_17,Zigma,Procurement,2025-06-07
Product_21,OTC,3264.87,2636.92,282,248,278,Vendor_18,Alpha,Supply Chain,2025-10-31
Product_4,Supplements,7529.15,6622.3,0,0,0,Vendor_5,Beta,Ops,2025-05-10
Product_18,Prescription,8652.25,6763.44,150,127,133,Vendor_17,Zigma,Supply Chain,2025-01-31
Product_95,OTC,3326.27,2394.42,243,22,130,Vendor_8,Zigma,Supply Chain,2025-05-28
Product_61,Prescription,6199.28,4836.5,380,161,356,Vendor_18,Beta,Ops,2025-12-06
Product_39,OTC,2688.67,2052.77,0,0,0,Vendor_5,Beta,Ops,2025-12-30
Product_82,Supplements,6284.85,5245.01,0,0,0,Vendor_17,Alpha,Supply Chain,2025-01-21
Product_78,OTC,1283.56,1062.06,376,9,11,Vendor_9,Beta,Ops,2025-09-20
Product_42,Supplements,9470.08,7843.95,123,14,114,Vendor_10,Beta,Ops,2025-02-02
Product_38,OTC,1487.84,1075.8,0,0,0,Vendor_7,Alpha,Ops,2025-03-17
Product_96,OTC,1574.03,1367.62,0,0,0,Vendor_12,Zigma,Procurement,2025-02-01
Product_5,Prescription,9961.96,7319.62,0,0,0,Vendor_14,Gamma,Supply Chain,2025-11-22
Product_62,OTC,2321.51,1710.63,95,38,22,Vendor_8,Zigma,Procurement,2025-11-20
Product_85,Supplements,3372.89,2279.81,0,0,0,Vendor_5,Alpha,Procurement,2025-04-15
Product_98,Prescription,449.19,375.82,0,0,0,Vendor_13,Alpha,Procurement,2025-12-06
Product_6,OTC,5981.42,4694.12,0,0,0,Vendor_15,Gamma,Supply Chain,2025-10-09
Product_86,OTC,1026.21,832.64,50,33,14,Vendor_14,Beta,Procurement,2025-09-23
Product_93,Supplements,4073.52,3146.98,0,0,0,Vendor_17,Gamma,Supply Chain,2025-01-17
Product_30,Supplements,8775.23,6288.14,466,291,47,Vendor_2,Alpha,Ops,2025-11-03
Product_30,OTC,10605.6,7619.67,83,67,21,Vendor_19,Gamma,Supply Chain,2025-03-18
Product_70,Supplements,4955.18,3713.57,271,258,73,Vendor_12,Beta,Ops,2025-05-05
Product_20,Supplements,6942.64,6061.4,0,0,0,Vendor_6,Alpha,Procurement,2025-09-07
Product_64,OTC,7746.37,6175.05,244,155,198,Vendor_6,Gamma,Supply Chain,2025-04-25
Product_11,OTC,4238.4,3594.94,0,0,0,Vendor_12,Zigma,Procurement,2025-11-02
Product_67,OTC,5068.06,4147.06,436,109,277,Vendor_20,Beta,Procurement,2025-11-20
Product_74,OTC,3424.81,2459.57,412,309,408,Vendor_12,Gamma,Procurement,2025-04-22
Product_12,OTC,3423.37,2532.9,0,0,0,Vendor_11,Zigma,Supply Chain,2025-04-15
Product_92,OTC,644.85,522.04,0,0,0,Vendor_5,Zigma,Supply Chain,2025-05-03
Product_62,OTC,10835.92,7488.84,316,203,257,Vendor_13,Zigma,Procurement,2025-01-05
Product_8,Prescription,5608.02,3959.79,0,0,0,Vendor_11,Zigma,Procurement,2025-11-20
Product_82,OTC,6938.46,5041.09,420,207,124,Vendor_8,Zigma,Supply Chain,2025-08-22
Product_15,Prescription,3790.78,3401.38,0,0,0,Vendor_3,Gamma,Ops,2025-07-10
Product_11,OTC,3745.72,2651.83,0,0,0,Vendor_5,Gamma,Procurement,2025-07-06
Product_52,Supplements,6309.19,4413.5,0,0,0,Vendor_1,Zigma,Supply Chain,2025-02-17
Product_1,OTC,1539.01,1113.11,108,33,35,Vendor_18,Gamma,Ops,2025-03-11
Product_79,OTC,4801.98,3397.67,0,0,0,Vendor_7,Gamma,Supply Chain,2025-08-14
Product_66,Supplements,5671.6,4083.84,0,0,0,Vendor_18,Gamma,Supply Chain,2025-08-10
Product_33,OTC,3470.96,3096.56,412,354,348,Vendor_18,Zigma,Procurement,2025-11-17
Product_87,Prescription,9355.26,6583.46,0,0,0,Vendor_18,Alpha,Supply Chain,2025-11-07
Product_47,Supplements,7871.34,5377.0,138,50,84,Vendor_8,Beta,Supply Chain,2025-10-08
Product_49,OTC,8508.02,6985.89,0,0,0,Vendor_15,Gamma,Ops,2025-04-03
Product_18,OTC,9684.91,7967.68,426,70,16,Vendor_18,Gamma,Supply Chain,2025-09-10
Product_72,Supplements,3546.17,2878.1,296,272,292,Vendor_18,Gamma,Ops,2025-07-29
Product_43,OTC,2372.22,1896.08,473,215,204,Vendor_4,Alpha,Supply Chain,2025-08-04
Product_99,Supplements,6408.44,4665.99,0,0,0,Vendor_1,Beta,Ops,2025-10-16
Product_94,Prescription,9399.91,7514.51,238,109,208,Vendor_12,Gamma,Procurement,2025-01-01
Product_34,Prescription,917.52,750.73,275,211,262,Vendor_17,Beta,Supply Chain,2025-11-08
Product_37,OTC,10848.67,7434.42,0,0,0,Vendor_3,Zigma,Supply Chain,2025-10-31
Product_22,Supplements,5566.12,4200.43,0,0,0,Vendor_2,Beta,Ops,2025-09-25
Product_42,OTC,8674.22,5894.85,447,262,364,Vendor_16,Zigma,Procurement,2025-02-04
Product_68,Prescription,3422.97,2932.37,34,14,21,Vendor_12,Zigma,Ops,2025-09-08
Product_57,Prescription,5130.63,4343.58,0,0,0,Vendor_4,Gamma,Procurement,2025-05-01
Product_45,OTC,3200.62,2796.73,361,308,58,Vendor_17,Zigma,Supply Chain,2025-03-10
Product_21,Prescription,1213.16,1083.51,0,0,0,Vendor_1,Alpha,Procurement,2025-04-24
Product_15,Prescription,7496.78,5384.98,327,196,292,Vendor_8,Beta,Supply Chain,2025-10-20
Product_69,OTC,7106.19,4849.71,0,0,0,Vendor_2,Alpha,Ops,2025-08-10
Product_25,Prescription,515.57,382.16,426,153,303,Vendor_5,Alpha,Ops,2025-09-30
Product_36,Prescription,10567.33,7853.93,0,0,0,Vendor_8,Zigma,Ops,2025-02-25
Product_43,Prescription,5332.23,4132.2,149,107,73,Vendor_16,Beta,Procurement,2025-06-16
Product_5,OTC,6404.66,4956.97,0,0,0,Vendor_10,Zigma,Procurement,2025-07-01
Product_11,Prescription,8539.23,6579.26,38,28,8,Vendor_9,Beta,Supply Chain,2025-12-22
Product_2,Prescription,7842.86,6014.95,0,0,0,Vendor_12,Alpha,Procurement,2025-05-17
Product_90,Prescription,5844.23,4987.74,0,0,0,Vendor_11,Alpha,Supply Chain,2025-05-15
Product_32,Supplements,8654.75,7026.38,0,0,0,Vendor_10,Alpha,Supply Chain,2025-05-19
Product_20,Prescription,1873.81,1282.27,0,0,0,Vendor_4,Gamma,Supply Chain,2025-09-12
Product_8,OTC,4771.69,3743.14,173,87,68,Vendor_15,Gamma,Supply Chain,2025-02-06
Product_13,OTC,8963.07,6239.19,0,0,0,Vendor_4,Zigma,Supply Chain,2025-06-17
Product_28,OTC,6716.15,5676.7,0,0,0,Vendor_20,Alpha,Procurement,2025-04-16
Product_63,OTC,3174.47,2294.57,0,0,0,Vendor_14,Beta,Supply Chain,2025-09-14
Product_40,Supplements,2165.72,1848.75,284,114,194,Vendor_20,Zigma,Supply Chain,2025-12-09
Product_37,Prescription,4798.04,3971.0,150,145,66,Vendor_7,Beta,Ops,2025-05-02
Product_64,Supplements,9344.03,7459.91,0,0,0,Vendor_14,Alpha,Procurement,2025-02-27
Product_71,OTC,8962.37,6904.79,0,0,0,Vendor_2,Zigma,Procurement,2025-10-07
Product_58,OTC,2408.45,1886.77,0,0,0,Vendor_2,Gamma,Supply Chain,2025-12-05
Product_47,OTC,7569.55,5478.42,414,39,358,Vendor_18,Alpha,Supply Chain,2025-03-03
Product_48,Prescription,2115.52,1663.84,0,0,0,Vendor_3,Gamma,Ops,2025-06-19
Product_94,Supplements,8160.58,6350.73,81,74,16,Vendor_7,Alpha,Procurement,2025-12-07
Product_6,OTC,9064.74,6345.05,0,0,0,Vendor_8,Zigma,Procurement,2025-08-07
Product_39,Prescription,558.46,505.41,0,0,0,Vendor_13,Beta,Procurement,2025-02-16
Product_71,Prescription,8591.93,5930.4,427,308,397,Vendor_4,Beta,Ops,2025-09-29
Product_11,Prescription,979.01,679.41,0,0,0,Vendor_5,Alpha,Supply Chain,2025-09-25
Product_57,Prescription,8323.79,6717.01,0,0,0,Vendor_3,Gamma,Procurement,2025-06-06
Product_99,Supplements,812.04,697.98,201,143,179,Vendor_16,Alpha,Procurement,2025-03-21
Product_99,OTC,4954.2,3790.95,491,165,424,Vendor_10,Zigma,Supply Chain,2025-12-14
Product_56,OTC,8886.2,6944.88,0,0,0,Vendor_15,Beta,Ops,2025-08-09
Product_94,Supplements,4613.54,3665.16,216,98,157,Vendor_3,Gamma,Ops,2025-04-08
Product_100,OTC,1922.86,1614.85,0,0,0,Vendor_4,Zigma,Procurement,2025-03-13
Product_45,OTC,3594.44,2923.28,0,0,0,Vendor_18,Alpha,Supply Chain,2025-12-09
Product_90,OTC,8259.26,6864.55,101,43,91,Vendor_7,Alpha,Procurement,2025-07-11
Product_82,OTC,3277.6,2544.43,0,0,0,Vendor_18,Beta,Ops,2025-12-31
Product_31,Supplements,1469.09,990.16,0,0,0,Vendor_15,Beta,Procurement,2025-09-22
Product_25,Supplements,1060.77,796.93,0,0,0,Vendor_20,Alpha,Ops,2025-08-09
Product_9,Prescription,10244.92,6909.48,446,169,374,Vendor_7,Gamma,Supply Chain,2025-02-14
Product_51,Prescription,8469.71,6816.41,166,133,134,Vendor_11,Beta,Ops,2025-02-06
Product_68,Prescription,2815.88,2159.6,0,0,0,Vendor_7,Alpha,Ops,2025-07-15
Product_43,Supplements,9736.08,7850.99,0,0,0,Vendor_18,Gamma,Procurement,2025-11-12
Product_4,Prescription,11139.25,7655.37,17,10,15,Vendor_11,Zigma,Ops,2025-05-11
Product_28,OTC,4142.05,3212.71,261,25,110,Vendor_15,Zigma,Supply Chain,2025-05-03
Product_20,Supplements,7644.3,6331.54,0,0,0,Vendor_3,Beta,Procurement,2025-03-18
Product_38,OTC,3083.64,2676.47,264,10,7,Vendor_16,Gamma,Ops,2025-02-01
Product_40,OTC,9234.24,7703.55,396,127,254,Vendor_3,Gamma,Ops,2025-07-31
Product_46,Supplements,4212.66,3487.23,0,0,0,Vendor_19,Alpha,Ops,2025-04-15
Product_16,Prescription,5394.67,4480.53,53,32,45,Vendor_13,Alpha,Ops,2025-05-22
Product_83,OTC,7927.73,6911.77,89,6,78,Vendor_1,Beta,Ops,2025-12-10
Product_68,OTC,7238.26,5198.88,0,0,0,Vendor_17,Zigma,Procurement,2025-02-25
Product_61,Prescription,7062.85,5989.88,0,0,0,Vendor_11,Alpha,Procurement,2025-05-24
Product_11,OTC,4218.25,2840.81,232,181,13,Vendor_15,Beta,Procurement,2025-07-06
Product_46,Prescription,8713.57,7640.56,0,0,0,Vendor_10,Zigma,Supply Chain,2025-06-24
Product_17,Supplements,2843.77,2570.97,490,17,271,Vendor_7,Zigma,Supply Chain,2025-01-12
Product_75,OTC,1029.34,703.52,0,0,0,Vendor_18,Zigma,Procurement,2025-08-06
Product_51,OTC,6108.6,4323.81,0,0,0,Vendor_8,Alpha,Ops,2025-01-29
Product_30,Prescription,387.64,323.26,18,14,3,Vendor_4,Zigma,Supply Chain,2025-01-13
Product_36,Supplements,662.77,573.98,0,0,0,Vendor_6,Beta,Supply Chain,2025-03-17
Product_10,OTC,1370.67,965.47,474,244,381,Vendor_17,Gamma,Supply Chain,2025-06-04
Product_47,Prescription,3100.53,2514.14,0,0,0,Vendor_13,Beta,Procurement,2025-06-10
Product_72,Supplements,1974.69,1610.1,0,0,0,Vendor_15,Beta,Supply Chain,2025-04-05
Product_64,OTC,3664.0,2460.89,0,0,0,Vendor_13,Beta,Ops,2025-07-06
Product_17,OTC,7291.6,6359.66,69,23,50,Vendor_17,Zigma,Supply Chain,2025-06-27
Product_93,OTC,5455.63,3781.08,0,0,0,Vendor_3,Gamma,Procurement,2025-08-24
Product_81,Supplements,3323.41,2241.96,0,0,0,Vendor_4,Zigma,Supply Chain,2025-01-15
Product_19,Prescription,8730.42,6815.69,0,0,0,Vendor_15,Gamma,Ops,2025-02-06
Product_26,Supplements,4711.96,3583.33,0,0,0,Vendor_14,Gamma,Supply Chain,2025-01-04
Product_43,Supplements,4472.37,3315.9,0,0,0,Vendor_13,Gamma,Ops,2025-05-23
Product_31,Supplements,580.52,438.85,0,0,0,Vendor_19,Zigma,Ops,2025-07-04
Product_20,Supplements,1722.9,1471.74,407,52,83,Vendor_10,Beta,Supply Chain,2025-02-03
Product_25,OTC,9422.43,7061.49,206,29,87,Vendor_12,Alpha,Ops,2025-08-23
Product_84,Prescription,6022.82,4880.21,473,142,429,Vendor_20,Beta,Ops,2025-08-09
Product_2,Supplements,1519.79,1036.81,372,48,276,Vendor_11,Alpha,Supply Chain,2025-09-28
Product_24,Prescription,4696.11,3423.27,24,3,22,Vendor_9,Alpha,Supply Chain,2025-04-03
Product_9,Prescription,6863.6,5413.98,0,0,0,Vendor_1,Alpha,Ops,2025-02-26
Product_8,OTC,9175.62,7090.28,0,0,0,Vendor_20,Gamma,Supply Chain,2025-09-17
Product_95,Supplements,9248.19,7229.3,498,335,40,Vendor_16,Zigma,Supply Chain,2025-09-12
Product_34,Supplements,3420.49,2368.06,158,42,81,Vendor_10,Alpha,Ops,2025-04-18
Product_60,Supplements,3320.66,2952.7,35,18,2,Vendor_6,Gamma,Procurement,2025-11-25
Product_90,Prescription,1235.43,1115.55,0,0,0,Vendor_5,Beta,Ops,2025-11-07
Product_17,Prescription,9873.12,7026.53,0,0,0,Vendor_13,Beta,Ops,2025-06-24
Product_30,Supplements,3108.74,2684.55,111,87,30,Vendor_15,Beta,Ops,2025-02-14
Product_35,Supplements,7903.36,6000.41,0,0,0,Vendor_15,Zigma,Ops,2025-01-09
Product_24,Prescription,3940.15,3124.41,0,0,0,Vendor_6,Zigma,Ops,2025-10-09
Product_90,Prescription,8053.52,6931.49,226,149,142,Vendor_6,Gamma,Supply Chain,2025-04-15
Product_57,Prescription,4714.97,4057.89,0,0,0,Vendor_3,Beta,Ops,2025-03-28
Product_5,Prescription,10952.23,7314.82,0,0,0,Vendor_19,Gamma,Ops,2025-03-13
Product_13,Prescription,11024.96,7854.71,0,0,0,Vendor_9,Zigma,Supply Chain,2025-06-23
Product_67,OTC,2308.25,1540.47,116,56,2,Vendor_4,Zigma,Ops,2025-05-26
Product_21,OTC,613.32,457.09,0,0,0,Vendor_9,Beta,Ops,2025-11-12
Product_20,Prescription,2924.78,2299.0,0,0,0,Vendor_12,Alpha,Ops,2025-08-22
Product_86,Supplements,2233.97,2005.5,0,0,0,Vendor_9,Gamma,Procurement,2025-10-18
Product_56,OTC,9272.32,6529.13,0,0,0,Vendor_4,Beta,Supply Chain,2025-05-23
Product_66,Supplements,8865.32,7130.72,0,0,0,Vendor_1,Zigma,Ops,2025-08-12
Product_48,Prescription,2919.69,2420.94,0,0,0,Vendor_17,Gamma,Supply Chain,2025-04-08
Product_60,Prescription,3906.97,2656.21,10,9,4,Vendor_5,Gamma,Ops,2025-02-13
Product_34,Supplements,4142.97,3478.24,87,33,24,Vendor_20,Beta,Procurement,2025-09-10
Product_56,OTC,5817.79,3988.07,483,265,108,Vendor_14,Zigma,Procurement,2025-07-13
Product_9,Prescription,4603.59,3639.67,0,0,0,Vendor_3,Zigma,Procurement,2025-08-31
Product_61,Prescription,6044.74,4567.11,0,0,0,Vendor_11,Zigma,Ops,2025-09-28
Product_94,Supplements,5921.74,5333.99,476,25,265,Vendor_16,Beta,Supply Chain,2025-06-24
Product_29,OTC,4899.07,4131.9,0,0,0,Vendor_5,Zigma,Procurement,2025-01-31
Product_6,Prescription,1946.41,1406.39,0,0,0,Vendor_6,Zigma,Ops,2025-03-28
Product_55,Prescription,528.26,371.16,404,398,400,Vendor_5,Beta,Procurement,2025-11-02
Product_30,Prescription,5896.16,4808.24,0,0,0,Vendor_9,Zigma,Procurement,2025-04-11
Product_74,Prescription,6505.3,4967.76,179,96,139,Vendor_2,Alpha,Ops,2025-05-10
Product_30,Prescription,513.8,392.94,474,66,454,Vendor_4,Zigma,Ops,2025-08-24
Product_22,Prescription,9286.87,7334.03,474,232,265,Vendor_19,Beta,Procurement,2025-03-27
Product_14,Supplements,3330.12,2786.94,223,164,204,Vendor_14,Gamma,Procurement,2025-04-01
Product_46,Prescription,9517.94,6949.31,372,100,225,Vendor_5,Beta,Ops,2025-12-30
Product_45,Supplements,3453.91,2529.13,0,0,0,Vendor_8,Beta,Procurement,2025-12-28
Product_13,Supplements,7674.56,6818.52,0,0,0,Vendor_18,Zigma,Ops,2025-06-14
Product_72,OTC,10342.36,7235.13,0,0,0,Vendor_4,Alpha,Ops,2025-10-14
Product_63,Prescription,8707.69,5895.36,181,50,120,Vendor_19,Beta,Procurement,2025-09-01
Product_21,Prescription,2651.98,1945.8,0,0,0,Vendor_9,Alpha,Ops,2025-04-01
Product_59,Supplements,7233.38,6023.66,457,327,328,Vendor_8,Beta,Procurement,2025-03-12
Product_70,Prescription,5118.28,4001.16,52,12,20,Vendor_2,Alpha,Supply Chain,2025-04-21
Product_68,Supplements,6229.91,4915.1,0,0,0,Vendor_10,Zigma,Ops,2025-05-10
Product_5,OTC,6620.88,5952.37,317,66,248,Vendor_1,Zigma,Supply Chain,2025-06-24
Product_15,Supplements,8046.18,5750.68,457,333,283,Vendor_12,Alpha,Supply Chain,2025-02-23
Product_61,Prescription,8202.98,6880.55,0,0,0,Vendor_15,Alpha,Ops,2025-10-31
Product_69,Prescription,6840.73,5972.22,167,158,120,Vendor_18,Alpha,Ops,2025-08-23
Product_71,Prescription,9197.25,6491.64,0,0,0,Vendor_15,Beta,Supply Chain,2025-02-15
Product_73,Prescription,6500.49,4443.12,0,0,0,Vendor_12,Alpha,Supply Chain,2025-02-28
Product_87,Supplements,5795.52,4583.02,0,0,0,Vendor_4,Alpha,Supply Chain,2025-05-24
Product_94,Prescription,9296.53,7797.43,241,171,190,Vendor_10,Gamma,Supply Chain,2025-12-28
Product_26,Prescription,8044.92,6552.26,0,0,0,Vendor_11,Beta,Ops,2025-01-29
Product_79,Prescription,6007.44,4661.62,126,34,94,Vendor_4,Zigma,Procurement,2025-11-05
Product_67,Supplements,1452.55,1174.62,0,0,0,Vendor_11,Alpha,Supply Chain,2025-06-09
Product_34,OTC,1917.78,1383.03,189,111,119,Vendor_13,Gamma,Supply Chain,2025-07-13
Product_44,OTC,5371.12,4152.57,0,0,0,Vendor_15,Gamma,Ops,2025-08-09
Product_96,OTC,7436.24,6179.84,0,0,0,Vendor_17,Gamma,Ops,2025-02-19
Product_53,Supplements,6377.42,4551.64,29,13,4,Vendor_20,Zigma,Procurement,2025-10-23
Product_42,OTC,2044.69,1496.14,208,70,154,Vendor_13,Zigma,Procurement,2025-03-19
Product_35,Supplements,4039.58,2966.25,309,6,159,Vendor_3,Gamma,Procurement,2025-08-28
Product_93,OTC,3327.48,2935.45,223,111,215,Vendor_12,Beta,Ops,2025-04-14
Product_14,Supplements,6596.39,5712.7,0,0,0,Vendor_4,Beta,Ops,2025-10-15
Product_69,OTC,3560.32,2833.34,0,0,0,Vendor_2,Alpha,Supply Chain,2025-11-28
Product_53,Prescription,5899.05,5346.7,0,0,0,Vendor_6,Alpha,Supply Chain,2025-12-31
Product_5,Prescription,809.99,622.48,382,244,304,Vendor_6,Alpha,Ops,2025-06-18
Product_47,Supplements,6797.82,4715.95,0,0,0,Vendor_19,Gamma,Supply Chain,2025-01-25
Product_32,Supplements,1077.46,936.54,0,0,0,Vendor_4,Gamma,Procurement,2025-06-19
Product_97,Supplements,6837.81,5360.42,158,36,85,Vendor_18,Beta,Ops,2025-01-13
Product_97,Prescription,719.98,523.27,437,45,391,Vendor_14,Gamma,Supply Chain,2025-04-29
Product_58,Supplements,4747.56,3534.56,0,0,0,Vendor_7,Zigma,Ops,2025-04-04
Product_89,Supplements,5984.48,4194.22,241,117,45,Vendor_5,Beta,Ops,2025-01-14
Product_5,Prescription,7921.98,6711.66,0,0,0,Vendor_11,Alpha,Ops,2025-06-06
Product_64,OTC,4395.85,2996.82,342,174,113,Vendor_11,Alpha,Supply Chain,2025-11-27
Product_91,Supplements,5358.51,4613.32,248,46,94,Vendor_10,Alpha,Ops,2025-05-21
Product_13,Prescription,9714.99,6594.08,0,0,0,Vendor_16,Zigma,Supply Chain,2025-04-07
Product_82,Supplements,3932.6,2761.32,451,229,389,Vendor_10,Beta,Supply Chain,2025-04-18
Product_68,Supplements,4537.62,3602.06,329,94,55,Vendor_10,Alpha,Supply Chain,2025-02-01
Product_21,OTC,3477.28,2596.1,0,0,0,Vendor_12,Alpha,Supply Chain,2025-07-19
Product_54,Prescription,5373.45,4755.11,320,140,125,Vendor_3,Alpha,Supply Chain,2025-09-08
Product_60,OTC,570.33,457.94,0,0,0,Vendor_10,Beta,Supply Chain,2025-03-19
Product_66,OTC,7044.8,5212.62,50,25,49,Vendor_1,Gamma,Procurement,2025-09-15
Product_78,OTC,2007.77,1806.95,143,127,103,Vendor_12,Beta,Ops,2025-09-11
Product_72,OTC,5246.41,4018.29,489,240,12,Vendor_13,Gamma,Ops,2025-05-27
Product_36,Prescription,1662.61,1150.72,0,0,0,Vendor_19,Zigma,Supply Chain,2025-01-25
Product_58,Supplements,7764.11,6675.93,0,0,0,Vendor_9,Gamma,Ops,2025-05-22
Product_16,Prescription,1797.89,1564.22,0,0,0,Vendor_4,Gamma,Ops,2025-05-21
Product_11,OTC,2396.83,2051.15,72,49,51,Vendor_6,Zigma,Supply Chain,2025-02-09
Product_99,Supplements,1078.08,784.27,234,206,227,Vendor_3,Beta,Ops,2025-07-07
Product_93,Prescription,1448.84,1182.0,352,172,178,Vendor_7,Beta,Supply Chain,2025-03-27
Product_61,OTC,9948.73,6655.41,0,0,0,Vendor_10,Beta,Ops,2025-11-14
Product_89,Supplements,7324.24,6645.53,272,67,225,Vendor_8,Alpha,Supply Chain,2025-06-19
Product_13,OTC,5486.55,4627.26,0,0,0,Vendor_7,Beta,Procurement,2025-09-09
Product_41,Supplements,2410.68,1778.66,116,52,24,Vendor_19,Gamma,Supply Chain,2025-03-30
Product_100,Prescription,7210.17,5393.74,256,165,149,Vendor_3,Beta,Procurement,2025-12-29
Product_35,Supplements,6213.76,4531.07,0,0,0,Vendor_15,Zigma,Supply Chain,2025-11-06
Product_42,OTC,1161.53,913.27,498,99,251,Vendor_19,Zigma,Procurement,2025-03-18
Product_45,Supplements,6482.59,5257.03,0,0,0,Vendor_10,Zigma,Procurement,2025-08-05
Product_46,Supplements,8023.12,6257.08,296,11,77,Vendor_13,Alpha,Procurement,2025-06-21
Product_85,OTC,7307.4,5599.4,0,0,0,Vendor_11,Alpha,Procurement,2025-06-28
Product_16,OTC,7324.92,5534.54,421,318,331,Vendor_3,Gamma,Supply Chain,2025-12-07
Product_96,Prescription,7983.45,6388.95,189,164,78,Vendor_16,Zigma,Procurement,2025-03-02
Product_54,OTC,8084.23,5610.7,0,0,0,Vendor_5,Beta,Supply Chain,2025-01-20
Product_100,OTC,1771.84,1544.3,170,119,144,Vendor_18,Alpha,Supply Chain,2025-02-26
Product_63,Prescription,7882.59,5377.73,420,186,5,Vendor_6,Beta,Procurement,2025-12-19
Product_80,Prescription,5974.95,4909.51,0,0,0,Vendor_2,Zigma,Supply Chain,2025-02-20
Product_13,Supplements,1535.39,1169.01,476,218,56,Vendor_11,Zigma,Supply Chain,2025-08-14
Product_77,OTC,5322.44,4645.12,272,252,198,Vendor_14,Zigma,Supply Chain,2025-06-27
Product_16,Prescription,2955.45,2467.62,0,0,0,Vendor_14,Alpha,Procurement,2025-11-13
Product_5,Supplements,5270.79,3797.88,473,80,149,Vendor_3,Beta,Procurement,2025-01-10
Product_72,Supplements,9105.85,7881.76,158,17,8,Vendor_17,Beta,Supply Chain,2025-11-06
Product_88,Supplements,4462.06,3358.65,365,33,263,Vendor_11,Zigma,Ops,2025-05-18
Product_4,Prescription,3055.59,2669.48,63,39,54,Vendor_12,Zigma,Supply Chain,2025-05-23
Product_34,Supplements,11000.01,7619.57,0,0,0,Vendor_9,Alpha,Supply Chain,2025-03-03
Product_72,Supplements,3432.87,2576.42,0,0,0,Vendor_15,Beta,Ops,2025-07-11
Product_100,Supplements,8385.68,6012.11,0,0,0,Vendor_12,Beta,Ops,2025-11-22
Product_5,Prescription,2931.05,2251.17,0,0,0,Vendor_11,Beta,Procurement,2025-09-22
Product_82,Supplements,8329.62,6903.99,0,0,0,Vendor_14,Gamma,Ops,2025-12-08
Product_20,OTC,7721.43,5382.92,299,267,150,Vendor_7,Beta,Supply Chain,2025-07-26
Product_89,Supplements,6930.22,5864.11,352,95,226,Vendor_14,Beta,Procurement,2025-07-12
Product_68,OTC,5151.01,3696.59,0,0,0,Vendor_1,Alpha,Procurement,2025-04-28
Product_71,OTC,9338.72,7845.34,30,27,17,Vendor_5,Gamma,Ops,2025-10-04
Product_6,OTC,5601.69,4056.65,0,0,0,Vendor_5,Alpha,Supply Chain,2025-04-26
Product_28,Supplements,2864.41,2524.82,416,161,119,Vendor_16,Alpha,Ops,2025-03-11
Product_47,OTC,7868.3,6398.42,0,0,0,Vendor_16,Beta,Ops,2025-11-22
Product_30,Supplements,4419.73,3002.1,0,0,0,Vendor_6,Alpha,Procurement,2025-11-22
Product_38,OTC,2793.9,2014.4,256,92,102,Vendor_16,Alpha,Ops,2025-04-22
Product_5,OTC,3624.8,2809.35,71,18,58,Vendor_15,Zigma,Ops,2025-05-16
Product_98,OTC,5448.72,4539.72,262,166,159,Vendor_4,Zigma,Procurement,2025-06-15
Product_71,OTC,9757.67,7705.57,452,247,54,Vendor_13,Beta,Ops,2025-07-28
Product_72,Prescription,3053.59,2183.55,416,307,137,Vendor_10,Zigma,Ops,2025-06-23
Product_44,Supplements,6833.44,4817.83,192,47,28,Vendor_20,Alpha,Procurement,2025-01-27
Product_65,Supplements,6377.5,5053.63,259,68,20,Vendor_6,Beta,Procurement,2025-06-01
Product_55,OTC,6559.84,5173.59,0,0,0,Vendor_2,Gamma,Supply Chain,2025-08-17
Product_27,Supplements,4547.04,3450.81,378,235,161,Vendor_7,Gamma,Supply Chain,2025-02-11
Product_23,Prescription,8953.25,6601.03,0,0,0,Vendor_6,Zigma,Procurement,2025-06-19
Product_81,Supplements,2357.11,1920.56,0,0,0,Vendor_15,Beta,Ops,2025-06-11
Product_60,Supplements,9891.61,7299.15,284,39,272,Vendor_20,Zigma,Procurement,2025-07-07
Product_39,Supplements,4992.65,4123.43,0,0,0,Vendor_17,Beta,Supply Chain,2025-11-24
Product_13,OTC,2897.71,2386.42,144,132,23,Vendor_14,Beta,Procurement,2025-01-28
Product_65,Prescription,8407.91,6233.95,0,0,0,Vendor_6,Beta,Ops,2025-08-06
Product_33,OTC,7141.46,4845.41,406,2,192,Vendor_15,Alpha,Procurement,2025-03-14
Product_96,Prescription,3941.6,3440.71,218,33,136,Vendor_6,Gamma,Supply Chain,2025-11-14
Product_18,Prescription,9450.66,7936.7,0,0,0,Vendor_19,Gamma,Supply Chain,2025-09-14
Product_6,Prescription,9601.8,6569.41,0,0,0,Vendor_9,Zigma,Supply Chain,2025-06-29
Product_63,Prescription,8778.53,6792.47,0,0,0,Vendor_10,Zigma,Ops,2025-09-05
Product_82,OTC,8886.87,5988.59,332,73,142,Vendor_1,Alpha,Supply Chain,2025-10-19
Product_33,Prescription,6342.41,4914.56,0,0,0,Vendor_12,Zigma,Ops,2025-04-20
Product_36,Prescription,5717.19,4158.62,0,0,0,Vendor_6,Gamma,Supply Chain,2025-11-21
Product_66,Prescription,6485.95,4572.48,0,0,0,Vendor_6,Gamma,Procurement,2025-10-15
Product_16,Supplements,6005.2,4893.17,0,0,0,Vendor_15,Beta,Procurement,2025-11-22
Product_56,OTC,7848.06,6818.47,199,98,195,Vendor_14,Alpha,Supply Chain,2025-02-02
Product_97,Supplements,3635.13,2543.66,0,0,0,Vendor_16,Gamma,Supply Chain,2025-09-25
Product_54,Prescription,5514.47,4310.38,0,0,0,Vendor_15,Beta,Procurement,2025-12-28
Product_62,Supplements,1485.4,1058.74,160,106,133,Vendor_15,Zigma,Supply Chain,2025-10-03
Product_57,OTC,1394.68,1074.08,286,239,12,Vendor_4,Beta,Procurement,2025-12-08
Product_85,OTC,7846.64,5679.49,414,145,158,Vendor_1,Alpha,Supply Chain,2025-05-05
Product_67,Supplements,4444.17,3767.04,0,0,0,Vendor_6,Beta,Supply Chain,2025-08-20
Product_83,OTC,4707.0,3394.17,120,28,46,Vendor_11,Beta,Supply Chain,2025-01-30
Product_45,Supplements,3374.72,2819.6,0,0,0,Vendor_14,Beta,Procurement,2025-08-05
Product_84,Supplements,2790.63,2321.81,0,0,0,Vendor_2,Beta,Procurement,2025-09-16
Product_22,OTC,3335.3,2847.12,410,210,10,Vendor_8,Alpha,Ops,2025-06-25
Product_71,Prescription,2846.24,2457.03,23,7,4,Vendor_10,Beta,Procurement,2025-01-16
Product_56,Prescription,4488.76,3234.47,114,99,47,Vendor_10,Gamma,Ops,2025-09-05
Product_60,Supplements,3656.12,2439.58,0,0,0,Vendor_12,Gamma,Supply Chain,2025-02-07
Product_47,OTC,9492.17,6654.97,57,40,35,Vendor_5,Zigma,Supply Chain,2025-01-04
Product_99,Supplements,8347.36,6616.26,237,236,140,Vendor_12,Beta,Procurement,2025-06-23
Product_50,Supplements,5182.39,3898.11,0,0,0,Vendor_11,Alpha,Supply Chain,2025-03-10
Product_93,Supplements,10005.08,7043.02,313,35,158,Vendor_1,Alpha,Procurement,2025-05-29
Product_9,Prescription,8877.9,6818.32,110,95,25,Vendor_6,Zigma,Ops,2025-11-18
Product_39,Prescription,6919.21,5934.68,116,36,37,Vendor_10,Beta,Ops,2025-04-06
Product_42,OTC,7176.16,5754.1,189,180,183,Vendor_1,Beta,Supply Chain,2025-11-15
Product_79,OTC,4279.62,3148.14,36,17,26,Vendor_6,Alpha,Ops,2025-12-08
Product_33,Supplements,6194.07,4141.32,0,0,0,Vendor_12,Gamma,Procurement,2025-04-28
Product_46,OTC,10593.33,7555.72,272,141,206,Vendor_10,Gamma,Ops,2025-04-21
Product_33,Supplements,4685.68,3203.76,0,0,0,Vendor_4,Zigma,Procurement,2025-05-08
Product_81,Prescription,3880.44,3276.0,361,116,69,Vendor_20,Beta,Procurement,2025-03-11
Product_66,OTC,5272.24,3849.47,0,0,0,Vendor_1,Zigma,Ops,2025-03-30
Product_4,Prescription,4931.58,3935.3,0,0,0,Vendor_17,Zigma,Procurement,2025-04-10
Product_15,Prescription,8701.12,7074.86,255,50,111,Vendor_7,Zigma,Procurement,2025-08-06
Product_31,Prescription,2941.72,2058.75,355,52,328,Vendor_20,Alpha,Ops,2025-07-06
Product_10,OTC,2238.18,1552.42,442,410,422,Vendor_2,Alpha,Procurement,2025-07-30
Product_50,OTC,6239.78,4509.43,33,18,1,Vendor_2,Alpha,Ops,2025-02-22
Product_40,Supplements,8519.53,6393.42,0,0,0,Vendor_11,Beta,Supply Chain,2025-06-17
Product_4,Supplements,7860.4,6944.17,213,206,25,Vendor_17,Gamma,Procurement,2025-02-12
Product_91,OTC,7837.77,5335.27,246,62,48,Vendor_8,Zigma,Supply Chain,2025-04-25
Product_82,Prescription,3481.23,2615.05,0,0,0,Vendor_1,Gamma,Supply Chain,2025-03-12
Product_3,Supplements,10327.93,7049.81,0,0,0,Vendor_13,Alpha,Procurement,2025-05-18
Product_45,OTC,3284.55,2911.31,0,0,0,Vendor_3,Alpha,Ops,2025-12-17
Product_14,Prescription,2938.24,2112.64,0,0,0,Vendor_17,Beta,Ops,2025-09-06
Product_36,Supplements,8138.09,6184.68,13,6,2,Vendor_20,Zigma,Procurement,2025-09-16
Product_1,Prescription,3394.4,2563.83,0,0,0,Vendor_5,Zigma,Procurement,2025-05-18
Product_58,Prescription,451.92,396.98,0,0,0,Vendor_18,Gamma,Ops,2025-12-22
Product_9,Supplements,2386.43,1830.98,354,19,48,Vendor_16,Zigma,Procurement,2025-05-15
Product_36,OTC,4402.91,3902.08,12,5,5,Vendor_15,Alpha,Ops,2025-10-28
Product_63,Supplements,429.92,362.73,0,0,0,Vendor_15,Alpha,Ops,2025-02-01
Product_72,Supplements,5019.99,3392.73,478,58,212,Vendor_7,Beta,Ops,2025-06-05
Product_69,Prescription,5171.8,4602.04,398,56,184,Vendor_2,Zigma,Procurement,2025-02-23
Product_19,Prescription,3156.86,2590.69,302,251,111,Vendor_7,Beta,Ops,2025-01-06
Product_50,OTC,1319.9,1104.51,288,12,43,Vendor_2,Gamma,Procurement,2025-04-15
Product_61,Supplements,5345.11,4632.27,23,3,7,Vendor_12,Beta,Supply Chain,2025-06-17
Product_23,Prescription,3161.48,2479.23,129,59,9,Vendor_12,Beta,Ops,2025-01-31
Product_52,Supplements,9568.81,7008.79,40,25,20,Vendor_4,Gamma,Supply Chain,2025-02-05
Product_95,OTC,7722.81,5964.45,0,0,0,Vendor_19,Alpha,Ops,2025-01-09
Product_29,Prescription,8067.71,5809.83,0,0,0,Vendor_20,Gamma,Ops,2025-08-25
Product_95,OTC,3952.04,3073.09,81,61,59,Vendor_10,Zigma,Ops,2025-08-18
Product_7,OTC,6618.3,4872.83,0,0,0,Vendor_18,Gamma,Ops,2025-03-06
Product_79,OTC,2805.14,2455.52,0,0,0,Vendor_4,Beta,Procurement,2025-06-01
Product_6,Prescription,1691.64,1533.51,0,0,0,Vendor_18,Beta,Ops,2025-12-09
Product_95,Supplements,1028.51,934.09,0,0,0,Vendor_13,Beta,Procurement,2025-10-23
Product_67,Supplements,6348.01,5210.01,0,0,0,Vendor_8,Beta,Procurement,2025-10-28
Product_11,Supplements,2282.4,1679.68,0,0,0,Vendor_9,Zigma,Ops,2025-10-22
Product_75,Supplements,2163.57,1915.27,0,0,0,Vendor_15,Gamma,Ops,2025-06-17
Product_17,Supplements,5965.71,4278.31,249,11,208,Vendor_3,Beta,Ops,2025-06-14
Product_51,Prescription,8923.71,7615.53,87,64,66,Vendor_13,Zigma,Supply Chain,2025-12-23
Product_36,Supplements,1149.12,774.64,0,0,0,Vendor_10,Zigma,Supply Chain,2025-03-23
Product_6,OTC,7660.16,5676.26,468,9,28,Vendor_3,Zigma,Supply Chain,2025-10-31
Product_58,OTC,2879.45,2425.86,125,12,43,Vendor_18,Gamma,Procurement,2025-02-16
Product_86,Prescription,10307.86,7531.14,62,27,12,Vendor_19,Zigma,Ops,2025-07-23
Product_91,Prescription,9162.0,7837.76,0,0,0,Vendor_2,Alpha,Supply Chain,2025-10-17
Product_96,OTC,1330.02,902.71,0,0,0,Vendor_3,Alpha,Supply Chain,2025-03-16
Product_32,OTC,4494.7,3521.55,338,254,264,Vendor_17,Beta,Ops,2025-10-31
Product_96,OTC,5717.58,4867.3,0,0,0,Vendor_6,Alpha,Ops,2025-08-08
Product_22,Prescription,4825.76,3911.76,0,0,0,Vendor_3,Beta,Supply Chain,2025-08-03
Product_52,Prescription,4489.23,3506.22,341,18,46,Vendor_4,Beta,Supply Chain,2025-03-06
Product_96,OTC,10570.25,7586.24,295,65,4,Vendor_1,Alpha,Ops,2025-04-03
Product_70,Prescription,6349.74,5247.5,0,0,0,Vendor_3,Alpha,Ops,2025-12-07
Product_73,Prescription,10176.48,7089.26,168,148,93,Vendor_1,Alpha,Procurement,2025-04-01
Product_15,OTC,3937.29,2920.12,483,167,192,Vendor_7,Zigma,Supply Chain,2025-07-06
Product_90,Supplements,3908.05,2697.59,64,64,43,Vendor_19,Zigma,Procurement,2025-09-29
Product_38,OTC,4174.68,3013.76,0,0,0,Vendor_1,Gamma,Procurement,2025-10-13
Product_52,OTC,821.91,691.58,94,5,66,Vendor_10,Gamma,Procurement,2025-10-24
Product_43,OTC,475.42,409.36,323,59,87,Vendor_12,Beta,Ops,2025-01-27
Product_67,Prescription,4261.62,3430.57,0,0,0,Vendor_12,Zigma,Ops,2025-03-15
Product_23,Supplements,4442.7,3733.79,0,0,0,Vendor_6,Beta,Ops,2025-12-24
Product_11,Supplements,2906.11,2324.52,0,0,0,Vendor_4,Zigma,Supply Chain,2025-11-14
Product_38,OTC,850.41,723.79,0,0,0,Vendor_9,Gamma,Procurement,2025-07-15
Product_58,Prescription,7300.29,6248.23,0,0,0,Vendor_15,Alpha,Ops,2025-03-02
Product_38,Supplements,4377.59,3058.83,0,0,0,Vendor_20,Gamma,Procurement,2025-02-21
Product_9,OTC,2624.26,1881.34,0,0,0,Vendor_19,Beta,Ops,2025-12-10
Product_56,Prescription,4367.28,3412.49,0,0,0,Vendor_15,Gamma,Supply Chain,2025-12-03
Product_29,Supplements,6979.77,5739.04,0,0,0,Vendor_19,Beta,Ops,2025-10-07
Product_11,Prescription,2255.6,1766.52,0,0,0,Vendor_7,Zigma,Procurement,2025-06-25
Product_2,Prescription,9244.85,7367.43,0,0,0,Vendor_18,Beta,Supply Chain,2025-10-02
Product_59,Prescription,7076.69,4884.24,388,172,274,Vendor_15,Alpha,Supply Chain,2025-03-05
Product_5,OTC,6458.77,5654.23,0,0,0,Vendor_7,Alpha,Supply Chain,2025-03-28
Product_95,Supplements,3439.73,2421.79,0,0,0,Vendor_3,Gamma,Procurement,2025-06-27
Product_91,OTC,7529.83,6396.05,305,171,261,Vendor_4,Alpha,Supply Chain,2025-07-13
Product_52,Prescription,7737.95,5476.42,0,0,0,Vendor_11,Gamma,Supply Chain,2025-09-20
Product_99,Prescription,3607.91,2748.29,362,75,175,Vendor_10,Beta,Supply Chain,2025-01-10
Product_12,Supplements,8346.89,5683.12,184,180,38,Vendor_11,Alpha,Supply Chain,2025-11-18
Product_40,Supplements,3002.21,2382.44,0,0,0,Vendor_16,Alpha,Supply Chain,2025-08-21
Product_22,Supplements,5646.57,4921.95,0,0,0,Vendor_2,Gamma,Supply Chain,2025-02-13
Product_92,OTC,2749.18,1988.57,0,0,0,Vendor_4,Beta,Supply Chain,2025-12-05
Product_21,Supplements,5862.9,4266.15,291,20,227,Vendor_19,Zigma,Ops,2025-05-10
Product_36,Prescription,8569.01,7600.01,80,49,22,Vendor_7,Zigma,Procurement,2025-12-03
Product_66,Supplements,1282.39,874.89,0,0,0,Vendor_6,Beta,Procurement,2025-01-03
Product_71,OTC,4576.95,3769.49,0,0,0,Vendor_5,Alpha,Procurement,2025-03-31
Product_25,OTC,2763.2,2415.89,0,0,0,Vendor_19,Gamma,Ops,2025-11-02
Product_30,Supplements,7341.76,6207.28,188,163,50,Vendor_11,Zigma,Procurement,2025-08-23
Product_37,OTC,4005.24,3386.51,0,0,0,Vendor_16,Alpha,Ops,2025-04-26
Product_25,Supplements,8250.88,5810.39,151,45,75,Vendor_19,Gamma,Procurement,2025-08-26
Product_21,Supplements,3984.04,3013.73,27,8,16,Vendor_3,Zigma,Procurement,2025-08-18
Product_90,OTC,4110.57,3547.51,0,0,0,Vendor_5,Alpha,Procurement,2025-01-06
Product_18,OTC,2364.5,1956.16,0,0,0,Vendor_18,Zigma,Procurement,2025-10-27
Product_51,OTC,8004.72,6229.69,59,4,7,Vendor_1,Beta,Supply Chain,2025-04-20
Product_73,OTC,1919.33,1554.46,0,0,0,Vendor_14,Beta,Supply Chain,2025-01-26
Product_42,Supplements,1993.95,1733.47,0,0,0,Vendor_6,Beta,Procurement,2025-01-03
Product_84,OTC,8312.82,6783.59,238,18,17,Vendor_4,Zigma,Ops,2025-03-21
Product_36,Supplements,6184.53,5585.02,0,0,0,Vendor_9,Gamma,Supply Chain,2025-05-06
Product_66,OTC,7893.76,6215.19,213,79,190,Vendor_9,Gamma,Supply Chain,2025-10-25
Product_24,OTC,4088.69,2988.53,0,0,0,Vendor_2,Beta,Supply Chain,2025-12-27
Product_15,Supplements,9263.75,7482.4,397,226,121,Vendor_10,Zigma,Ops,2025-02-13
Product_61,OTC,7065.79,4729.1,476,317,256,Vendor_3,Beta,Ops,2025-01-17
Product_83,Prescription,2420.99,1820.01,0,0,0,Vendor_5,Beta,Procurement,2025-05-20
Product_17,Prescription,7465.22,5359.4,0,0,0,Vendor_13,Beta,Procurement,2025-01-08
Product_90,Prescription,7277.68,5182.22,0,0,0,Vendor_19,Gamma,Supply Chain,2025-12-21
Product_65,OTC,5675.7,3971.65,0,0,0,Vendor_13,Gamma,Ops,2025-04-27
Product_45,Prescription,5024.59,3544.6,424,295,397,Vendor_20,Beta,Ops,2025-04-13
Product_24,Prescription,718.75,568.58,0,0,0,Vendor_15,Zigma,Ops,2025-11-10
Product_33,Supplements,4061.81,3623.71,59,40,35,Vendor_12,Beta,Supply Chain,2025-01-27
Product_74,OTC,610.2,554.5,146,44,65,Vendor_15,Alpha,Supply Chain,2025-02-01
Product_83,Prescription,3051.23,2337.01,175,0,4,Vendor_3,Gamma,Supply Chain,2025-03-04
Product_92,OTC,1608.05,1345.91,210,151,131,Vendor_12,Beta,Supply Chain,2025-04-24
Product_61,Prescription,7286.71,5503.75,0,0,0,Vendor_6,Alpha,Ops,2025-05-15
Product_62,Supplements,7643.34,5114.13,0,0,0,Vendor_17,Gamma,Procurement,2025-05-22
Product_33,Prescription,619.77,546.88,137,70,66,Vendor_5,Gamma,Ops,2025-03-31
Product_50,OTC,3855.12,3105.96,0,0,0,Vendor_13,Alpha,Supply Chain,2025-11-26
Product_90,Prescription,8958.97,6944.04,0,0,0,Vendor_4,Zigma,Supply Chain,2025-04-26
Product_80,Prescription,9432.89,7092.68,0,0,0,Vendor_19,Alpha,Supply Chain,2025-08-28
Product_88,Supplements,471.9,393.36,0,0,0,Vendor_12,Zigma,Ops,2025-01-05
Product_19,Prescription,9140.72,7965.48,0,0,0,Vendor_1,Alpha,Procurement,2025-11-17
Product_61,Supplements,7929.41,6377.18,329,50,78,Vendor_14,Zigma,Ops,2025-07-05
Product_84,Supplements,4927.37,3447.31,72,59,64,Vendor_5,Zigma,Ops,2025-03-22
Product_48,OTC,1284.98,952.41,194,70,85,Vendor_4,Beta,Supply Chain,2025-06-03
Product_58,Supplements,969.48,729.16,0,0,0,Vendor_5,Zigma,Ops,2025-05-29
Product_64,Supplements,1197.97,904.66,0,0,0,Vendor_17,Zigma,Ops,2025-12-23
Product_53,OTC,4133.0,3122.0,271,102,36,Vendor_20,Zigma,Ops,2025-05-22
Product_57,Supplements,3207.98,2880.21,406,106,347,Vendor_11,Zigma,Procurement,2025-01-18
Product_89,Supplements,7703.58,5783.85,479,460,214,Vendor_18,Beta,Procurement,2025-10-08
Product_85,OTC,4970.32,3521.49,353,157,103,Vendor_17,Alpha,Procurement,2025-02-03
Product_37,Prescription,6882.85,4632.56,441,178,79,Vendor_14,Beta,Ops,2025-05-21
Product_98,Prescription,10182.42,7162.88,72,47,60,Vendor_3,Zigma,Supply Chain,2025-11-30
Product_71,OTC,11262.02,7927.1,475,179,271,Vendor_8,Alpha,Ops,2025-03-18
Product_79,Supplements,7993.89,5826.76,0,0,0,Vendor_11,Beta,Supply Chain,2025-03-18
Product_1,Supplements,7618.43,6019.03,0,0,0,Vendor_19,Alpha,Supply Chain,2025-03-17
Product_33,Prescription,6747.28,4599.56,0,0,0,Vendor_17,Zigma,Ops,2025-09-07
Product_81,Prescription,9883.41,7309.09,327,55,278,Vendor_20,Gamma,Ops,2025-09-30
Product_85,OTC,1797.95,1282.7,0,0,0,Vendor_20,Zigma,Supply Chain,2025-07-05
Product_9,OTC,8647.67,7526.21,282,14,159,Vendor_16,Zigma,Supply Chain,2025-07-24
Product_45,Prescription,9391.53,6998.28,0,0,0,Vendor_8,Alpha,Procurement,2025-07-05
Product_47,OTC,2801.83,2104.15,0,0,0,Vendor_8,Beta,Ops,2025-01-01
Product_15,Supplements,9810.04,6731.27,0,0,0,Vendor_15,Beta,Ops,2025-06-10
Product_74,OTC,11467.08,7858.16,0,0,0,Vendor_12,Alpha,Ops,2025-08-06
Product_82,Prescription,5401.85,3940.51,48,44,13,Vendor_12,Zigma,Procurement,2025-12-03
Product_99,Prescription,2073.25,1831.66,289,268,52,Vendor_13,Alpha,Supply Chain,2025-03-09
Product_60,Prescription,3101.53,2377.43,0,0,0,Vendor_4,Beta,Ops,2025-04-21
Product_85,Prescription,9770.49,7446.42,291,91,211,Vendor_3,Beta,Supply Chain,2025-03-16
Product_84,Supplements,8432.8,6011.91,0,0,0,Vendor_4,Zigma,Supply Chain,2025-11-04
Product_15,Prescription,11074.14,7828.09,420,329,65,Vendor_15,Zigma,Procurement,2025-10-07
Product_40,Supplements,5419.83,4086.79,0,0,0,Vendor_20,Beta,Procurement,2025-11-13
Product_79,OTC,3258.1,2638.74,0,0,0,Vendor_2,Zigma,Procurement,2025-02-28
Product_32,Prescription,8621.12,7668.84,0,0,0,Vendor_16,Beta,Procurement,2025-12-20
Product_40,OTC,5781.5,4037.16,0,0,0,Vendor_14,Alpha,Ops,2025-01-19
Product_53,Supplements,4057.62,3025.07,357,146,175,Vendor_1,Beta,Procurement,2025-06-12
Product_65,OTC,3409.75,2800.95,265,173,102,Vendor_3,Alpha,Supply Chain,2025-05-01
Product_8,Prescription,7088.74,4792.45,0,0,0,Vendor_17,Zigma,Procurement,2025-09-30
Product_94,Prescription,10072.89,6903.95,0,0,0,Vendor_14,Beta,Supply Chain,2025-07-08
Product_60,Supplements,2463.9,1971.98,45,36,13,Vendor_3,Gamma,Ops,2025-05-03
Product_82,OTC,9185.26,7486.99,0,0,0,Vendor_7,Beta,Ops,2025-03-24
Product_80,Prescription,8668.02,6174.71,84,3,80,Vendor_18,Zigma,Procurement,2025-10-29
Product_94,OTC,3723.57,2861.46,404,245,55,Vendor_11,Alpha,Procurement,2025-02-07
Product_63,Supplements,5359.7,3605.77,403,135,230,Vendor_8,Zigma,Ops,2025-01-08
Product_32,OTC,5364.27,4855.31,0,0,0,Vendor_4,Gamma,Procurement,2025-12-27
Product_86,Prescription,3261.41,2448.96,415,240,410,Vendor_11,Alpha,Ops,2025-11-16
Product_10,OTC,7439.06,5045.28,291,82,106,Vendor_4,Alpha,Procurement,2025-03-10
Product_100,OTC,3371.92,2544.68,17,16,11,Vendor_19,Zigma,Procurement,2025-11-17
Product_57,Prescription,2688.47,2031.71,0,0,0,Vendor_14,Beta,Supply Chain,2025-07-06
Product_36,Supplements,1493.84,1197.84,48,3,15,Vendor_7,Zigma,Procurement,2025-03-18
Product_46,Supplements,5617.43,3843.59,238,151,163,Vendor_2,Alpha,Procurement,2025-10-17
Product_86,Prescription,3438.12,2925.83,319,145,251,Vendor_19,Gamma,Supply Chain,2025-07-02
Product_4,Prescription,5710.32,4790.6,0,0,0,Vendor_2,Gamma,Supply Chain,2025-05-21
Product_97,Supplements,3153.2,2173.2,29,2,14,Vendor_3,Beta,Supply Chain,2025-05-27
Product_6,OTC,9327.72,7925.88,15,3,5,Vendor_11,Gamma,Supply Chain,2025-08-31
Product_73,OTC,2847.37,2410.85,0,0,0,Vendor_17,Beta,Supply Chain,2025-05-11
Product_8,OTC,3360.48,2296.15,0,0,0,Vendor_9,Alpha,Ops,2025-11-12
Product_46,Prescription,6948.15,5349.63,151,133,80,Vendor_3,Gamma,Procurement,2025-10-01
Product_51,OTC,898.32,785.83,217,38,179,Vendor_7,Alpha,Supply Chain,2025-10-15
Product_37,Supplements,4552.9,3164.36,375,96,190,Vendor_12,Gamma,Ops,2025-03-15
Product_97,Supplements,2862.53,2344.34,0,0,0,Vendor_14,Zigma,Ops,2025-07-29
Product_94,OTC,10486.76,7785.14,0,0,0,Vendor_3,Gamma,Ops,2025-11-09
Product_91,Supplements,2491.47,1926.89,0,0,0,Vendor_16,Beta,Procurement,2025-04-15
Product_9,OTC,7441.88,5498.96,0,0,0,Vendor_9,Beta,Supply Chain,2025-05-27
Product_73,OTC,2766.91,2493.39,130,65,38,Vendor_11,Zigma,Procurement,2025-08-29
Product_27,Prescription,1465.44,1089.52,0,0,0,Vendor_9,Gamma,Procurement,2025-01-27
Product_8,Prescription,10883.88,7925.88,479,362,382,Vendor_5,Gamma,Supply Chain,2025-08-27
Product_52,Prescription,8591.02,6622.67,471,229,27,Vendor_18,Beta,Procurement,2025-11-16
Product_1,OTC,9483.78,7949.96,0,0,0,Vendor_4,Zigma,Ops,2025-12-22
Product_8,Supplements,1617.51,1249.45,450,343,83,Vendor_18,Beta,Ops,2025-02-15
Product_92,Prescription,6167.05,4667.16,0,0,0,Vendor_14,Zigma,Ops,2025-05-16
Product_29,Supplements,9341.55,7419.6,358,77,177,Vendor_7,Zigma,Procurement,2025-01-27
Product_3,OTC,9895.89,6881.55,286,270,52,Vendor_14,Zigma,Ops,2025-10-21
Product_27,OTC,5324.37,4108.4,0,0,0,Vendor_14,Alpha,Supply Chain,2025-09-09
Product_90,OTC,3973.94,3120.06,0,0,0,Vendor_5,Zigma,Procurement,2025-04-09
Product_5,Supplements,6142.73,4562.19,0,0,0,Vendor_13,Zigma,Ops,2025-02-17
Product_1,Prescription,4782.11,4294.82,186,78,128,Vendor_4,Alpha,Procurement,2025-11-18
Product_66,Supplements,5306.4,4135.76,459,242,456,Vendor_8,Gamma,Ops,2025-07-17
Product_8,Supplements,5152.5,3567.85,24,6,10,Vendor_11,Beta,Procurement,2025-04-14
Product_44,OTC,4711.77,3685.35,48,43,16,Vendor_20,Beta,Procurement,2025-05-15
Product_74,Prescription,8831.34,7161.12,0,0,0,Vendor_18,Gamma,Ops,2025-02-16
Product_37,Prescription,8218.7,7035.21,0,0,0,Vendor_16,Beta,Procurement,2025-05-26
Product_36,Prescription,610.43,466.69,251,243,47,Vendor_14,Zigma,Supply Chain,2025-12-07
Product_60,Supplements,10340.53,7455.46,0,0,0,Vendor_15,Gamma,Ops,2025-10-02
Product_5,Prescription,3030.13,2185.26,0,0,0,Vendor_15,Alpha,Supply Chain,2025-04-14
Product_26,Prescription,3257.99,2651.82,462,168,71,Vendor_4,Alpha,Ops,2025-05-19
Product_58,Prescription,7322.82,5263.14,0,0,0,Vendor_6,Beta,Supply Chain,2025-02-18
Product_1,Supplements,3270.67,2850.35,331,76,61,Vendor_14,Beta,Ops,2025-06-06
Product_14,Prescription,6244.59,5093.37,0,0,0,Vendor_17,Zigma,Procurement,2025-04-24
Product_43,OTC,3087.72,2545.15,366,172,263,Vendor_6,Gamma,Supply Chain,2025-12-08
Product_66,Prescription,6650.26,5158.47,0,0,0,Vendor_20,Zigma,Supply Chain,2025-11-17
Product_77,Supplements,3021.81,2315.5,302,282,174,Vendor_2,Alpha,Procurement,2025-05-03
Product_39,Supplements,5620.3,3778.41,0,0,0,Vendor_20,Zigma,Procurement,2025-09-10
Product_12,Prescription,4099.4,2861.58,0,0,0,Vendor_2,Alpha,Procurement,2025-04-16
Product_21,Prescription,2513.14,1947.85,0,0,0,Vendor_11,Alpha,Supply Chain,2025-09-19
Product_70,Supplements,4868.5,4226.48,0,0,0,Vendor_13,Alpha,Ops,2025-06-04
Product_44,Supplements,8728.59,7878.07,0,0,0,Vendor_4,Gamma,Supply Chain,2025-10-07
Product_33,Supplements,771.52,611.76,0,0,0,Vendor_12,Beta,Procurement,2025-09-04
Product_20,Supplements,6277.43,4826.72,0,0,0,Vendor_17,Alpha,Supply Chain,2025-08-23
Product_82,OTC,2916.43,2387.19,0,0,0,Vendor_15,Zigma,Procurement,2025-02-14
Product_100,OTC,10799.27,7555.98,364,190,100,Vendor_4,Beta,Procurement,2025-04-15
Product_80,Supplements,890.53,715.79,103,90,41,Vendor_8,Beta,Supply Chain,2025-12-05
Product_23,Prescription,8902.32,7840.32,164,25,115,Vendor_1,Beta,Ops,2025-11-01
Product_72,Prescription,8326.6,6692.41,357,57,334,Vendor_20,Gamma,Ops,2025-07-02
Product_39,Prescription,10631.68,7426.58,0,0,0,Vendor_1,Gamma,Procurement,2025-08-05
Product_89,Prescription,6750.98,5791.79,253,205,53,Vendor_6,Alpha,Procurement,2025-03-28
Product_25,Supplements,4766.98,4322.27,0,0,0,Vendor_5,Zigma,Ops,2025-09-25
Product_8,Supplements,4322.16,3025.95,256,27,219,Vendor_8,Beta,Procurement,2025-04-12
Product_25,Prescription,9975.14,6811.32,0,0,0,Vendor_11,Gamma,Ops,2025-10-13
Product_33,Prescription,9608.15,7983.95,0,0,0,Vendor_10,Gamma,Ops,2025-12-04
Product_43,Prescription,725.35,658.37,22,11,11,Vendor_2,Gamma,Supply Chain,2025-03-23
Product_33,OTC,3652.62,2465.7,0,0,0,Vendor_19,Beta,Procurement,2025-02-09
Product_39,Prescription,5677.53,4397.26,0,0,0,Vendor_1,Gamma,Supply Chain,2025-09-12
Product_9,Supplements,8102.31,6384.28,0,0,0,Vendor_14,Alpha,Supply Chain,2025-03-19
Product_73,Supplements,5026.27,3553.09,0,0,0,Vendor_17,Beta,Procurement,2025-03-31
Product_43,Prescription,4161.89,3488.32,472,148,145,Vendor_20,Alpha,Ops,2025-11-12
Product_5,OTC,5411.95,4765.71,0,0,0,Vendor_20,Beta,Procurement,2025-04-21
Product_59,OTC,2099.92,1431.6,23,11,19,Vendor_8,Alpha,Supply Chain,2025-12-09
Product_71,Supplements,7954.07,6912.87,0,0,0,Vendor_6,Gamma,Ops,2025-04-04
Product_2,Prescription,5451.08,3807.13,107,87,77,Vendor_8,Zigma,Supply Chain,2025-12-12
Product_35,Supplements,469.26,361.85,377,192,54,Vendor_5,Gamma,Ops,2025-06-17
Product_90,Prescription,4811.66,3921.67,334,281,295,Vendor_4,Alpha,Supply Chain,2025-10-21
Product_41,Prescription,2104.21,1506.66,423,402,230,Vendor_10,Zigma,Procurement,2025-10-18
Product_96,Prescription,7685.44,6981.33,47,27,13,Vendor_9,Gamma,Ops,2025-04-10
Product_6,Supplements,6621.23,4931.92,0,0,0,Vendor_8,Gamma,Procurement,2025-04-07
Product_41,OTC,5364.87,4572.97,0,0,0,Vendor_20,Beta,Supply Chain,2025-10-26
Product_97,OTC,4802.51,4099.95,166,153,114,Vendor_11,Beta,Procurement,2025-09-15
Product_67,Supplements,8813.92,6372.08,377,232,170,Vendor_13,Alpha,Procurement,2025-01-21
Product_65,Supplements,640.99,448.22,0,0,0,Vendor_13,Zigma,Procurement,2025-08-01
Product_13,Prescription,10180.79,6986.09,0,0,0,Vendor_1,Zigma,Ops,2025-07-20
Product_30,Prescription,8414.54,6531.94,235,50,168,Vendor_12,Beta,Procurement,2025-09-06
Product_93,Supplements,6879.15,5287.36,233,224,37,Vendor_20,Alpha,Ops,2025-02-13
Product_35,Prescription,6282.26,4986.87,250,74,94,Vendor_10,Beta,Supply Chain,2025-07-29
Product_47,Supplements,3171.4,2373.38,475,302,168,Vendor_14,Gamma,Procurement,2025-06-24
Product_53,OTC,6859.45,4634.33,202,67,23,Vendor_19,Beta,Ops,2025-08-16
Product_24,OTC,9181.72,6657.67,0,0,0,Vendor_13,Alpha,Procurement,2025-07-26
Product_65,Supplements,6900.16,5249.19,368,227,201,Vendor_15,Zigma,Ops,2025-12-16
Product_22,OTC,2288.98,1880.59,230,186,42,Vendor_20,Gamma,Ops,2025-12-25
Product_80,Supplements,1575.07,1097.54,0,0,0,Vendor_7,Beta,Supply Chain,2025-06-22
Product_39,Prescription,10938.44,7995.11,166,141,119,Vendor_16,Alpha,Ops,2025-01-26
Product_12,Prescription,4716.89,3810.79,409,229,58,Vendor_3,Zigma,Procurement,2025-04-06
Product_56,Supplements,3422.19,2946.08,0,0,0,Vendor_3,Zigma,Supply Chain,2025-04-30
Product_85,OTC,8480.77,7576.79,351,11,86,Vendor_12,Gamma,Supply Chain,2025-04-19
Product_81,Supplements,8715.04,7080.22,83,76,53,Vendor_15,Beta,Ops,2025-04-12
Product_13,Supplements,596.94,455.82,0,0,0,Vendor_4,Beta,Ops,2025-05-22
Product_15,Supplements,506.65,457.79,177,2,110,Vendor_12,Gamma,Supply Chain,2025-08-20
Product_90,Supplements,4366.21,3076.1,299,49,174,Vendor_2,Beta,Supply Chain,2025-10-29
Product_98,Supplements,7500.26,6505.65,316,80,155,Vendor_17,Gamma,Procurement,2025-10-02
Product_68,Supplements,5033.07,4051.82,0,0,0,Vendor_2,Gamma,Ops,2025-01-07
Product_36,Prescription,7457.07,6225.04,0,0,0,Vendor_17,Beta,Supply Chain,2025-12-29
Product_2,Supplements,1575.96,1098.72,213,12,153,Vendor_2,Gamma,Procurement,2025-10-01
Product_52,Supplements,2425.59,2197.88,221,100,2,Vendor_10,Beta,Procurement,2025-09-11
Product_3,OTC,3441.11,2639.31,0,0,0,Vendor_3,Zigma,Procurement,2025-05-30
Product_11,Supplements,2890.81,2594.92,122,114,53,Vendor_9,Beta,Supply Chain,2025-02-26
Product_59,Supplements,4943.76,4395.04,338,232,54,Vendor_18,Zigma,Ops,2025-07-27
Product_84,OTC,981.93,817.42,290,176,62,Vendor_3,Gamma,Supply Chain,2025-03-14
Product_77,OTC,7771.74,6308.0,78,8,69,Vendor_14,Zigma,Ops,2025-06-22
Product_31,OTC,7534.86,5735.71,0,0,0,Vendor_19,Beta,Procurement,2025-02-07
Product_7,Prescription,1139.15,990.03,39,34,2,Vendor_19,Beta,Supply Chain,2025-07-09
Product_81,OTC,1233.58,846.75,222,84,59,Vendor_2,Zigma,Ops,2025-10-21
Product_66,Prescription,8653.4,6871.8,294,229,20,Vendor_8,Beta,Ops,2025-05-25
Product_74,Prescription,481.41,324.44,0,0,0,Vendor_3,Gamma,Ops,2025-11-12
Product_86,OTC,1486.31,1105.07,0,0,0,Vendor_7,Gamma,Procurement,2025-07-20
Product_73,OTC,9189.47,7271.37,0,0,0,Vendor_13,Alpha,Procurement,2025-01-23
Product_61,OTC,4866.35,4108.34,0,0,0,Vendor_18,Beta,Ops,2025-11-14
Product_73,OTC,1740.75,1280.15,365,26,289,Vendor_11,Alpha,Ops,2025-10-16
Product_95,Supplements,3996.96,2685.19,157,94,37,Vendor_17,Zigma,Procurement,2025-02-10
Product_11,Supplements,8250.98,5729.37,0,0,0,Vendor_19,Gamma,Ops,2025-10-05
Product_10,OTC,6550.86,4845.3,0,0,0,Vendor_4,Zigma,Supply Chain,2025-10-21
Product_17,Prescription,2116.14,1778.34,321,42,119,Vendor_17,Gamma,Procurement,2025-08-08
Product_19,Supplements,8337.66,7244.16,0,0,0,Vendor_17,Beta,Procurement,2025-06-10
Product_41,Prescription,4689.78,3217.13,0,0,0,Vendor_9,Gamma,Ops,2025-02-21
Product_26,OTC,5380.79,4379.27,0,0,0,Vendor_16,Zigma,Ops,2025-02-07
Product_82,Prescription,2948.88,2032.12,487,67,178,Vendor_18,Zigma,Supply Chain,2025-12-23
Product_16,Supplements,4146.04,3450.41,0,0,0,Vendor_8,Beta,Ops,2025-08-02
Product_61,Supplements,6070.87,4517.6,267,35,192,Vendor_1,Alpha,Ops,2025-11-29
Product_67,Prescription,4120.36,2804.2,0,0,0,Vendor_6,Gamma,Supply Chain,2025-12-17
Product_90,Supplements,9806.68,7008.14,0,0,0,Vendor_4,Beta,Supply Chain,2025-03-04
Product_93,Supplements,3348.23,2274.32,0,0,0,Vendor_17,Beta,Supply Chain,2025-04-02
Product_24,Prescription,6235.27,4236.98,45,17,24,Vendor_2,Gamma,Procurement,2025-07-15
Product_40,OTC,400.38,350.01,481,211,270,Vendor_8,Gamma,Supply Chain,2025-09-20
Product_34,OTC,7653.89,5332.74,223,63,11,Vendor_15,Gamma,Supply Chain,2025-07-29
Product_2,Prescription,6410.22,4759.18,0,0,0,Vendor_4,Gamma,Procurement,2025-01-16
Product_28,Prescription,3906.22,3135.99,0,0,0,Vendor_15,Alpha,Supply Chain,2025-04-15
Product_32,Prescription,10370.16,7477.19,0,0,0,Vendor_14,Beta,Ops,2025-02-12
Product_9,OTC,6856.25,4703.4,0,0,0,Vendor_11,Gamma,Ops,2025-05-24
Product_1,Supplements,5315.01,4369.76,0,0,0,Vendor_4,Alpha,Supply Chain,2025-11-28
Product_87,OTC,10220.49,6827.15,0,0,0,Vendor_16,Beta,Ops,2025-06-16
Product_94,Supplements,9586.35,6667.51,272,110,179,Vendor_9,Gamma,Ops,2025-07-07
Product_83,Supplements,4771.81,3627.3,0,0,0,Vendor_19,Beta,Procurement,2025-08-06
Product_70,OTC,9300.2,6710.47,0,0,0,Vendor_3,Alpha,Supply Chain,2025-07-25
Product_40,Supplements,4970.79,3721.83,0,0,0,Vendor_19,Alpha,Supply Chain,2025-06-25
Product_24,Prescription,2588.09,2294.6,0,0,0,Vendor_1,Zigma,Supply Chain,2025-08-28
Product_43,Supplements,3163.8,2274.34,90,70,42,Vendor_2,Gamma,Ops,2025-09-20
Product_14,Prescription,5066.63,3665.86,0,0,0,Vendor_9,Zigma,Supply Chain,2025-10-23
Product_5,OTC,3221.59,2496.64,0,0,0,Vendor_8,Zigma,Ops,2025-12-25
Product_84,Prescription,2060.1,1401.57,377,97,61,Vendor_8,Gamma,Supply Chain,2025-09-21
Product_84,Prescription,1204.13,848.29,265,257,193,Vendor_7,Zigma,Procurement,2025-12-13
Product_69,Supplements,2595.55,1786.22,254,11,223,Vendor_7,Alpha,Supply Chain,2025-08-08
Product_14,Supplements,6958.21,6033.09,13,3,1,Vendor_6,Alpha,Procurement,2025-09-14
Product_65,OTC,2623.92,2330.3,0,0,0,Vendor_4,Alpha,Ops,2025-05-27
Product_61,OTC,6738.95,5123.77,442,430,346,Vendor_7,Alpha,Procurement,2025-08-18
Product_6,Supplements,1968.6,1349.14,65,13,24,Vendor_7,Gamma,Supply Chain,2025-08-16
Product_88,Supplements,5925.34,4754.31,91,64,60,Vendor_13,Alpha,Supply Chain,2025-10-03
Product_75,OTC,9830.14,7136.2,0,0,0,Vendor_1,Alpha,Supply Chain,2025-02-09
Product_5,Prescription,6474.26,4338.26,0,0,0,Vendor_2,Alpha,Ops,2025-05-24
Product_11,OTC,9626.48,6863.21,308,268,138,Vendor_20,Zigma,Procurement,2025-02-21
Product_13,OTC,2392.17,2030.58,0,0,0,Vendor_2,Beta,Supply Chain,2025-12-06
Product_73,Supplements,900.0,642.47,0,0,0,Vendor_7,Beta,Procurement,2025-04-14
Product_82,OTC,6910.46,4763.0,368,168,148,Vendor_13,Alpha,Ops,2025-09-06
Product_76,Supplements,3213.59,2313.5,211,156,207,Vendor_6,Gamma,Procurement,2025-10-13
Product_61,Prescription,649.93,535.66,0,0,0,Vendor_11,Gamma,Supply Chain,2025-03-26
Product_22,Supplements,6453.21,5766.19,0,0,0,Vendor_17,Beta,Supply Chain,2025-04-14
Product_13,Supplements,7200.56,5996.07,0,0,0,Vendor_15,Beta,Ops,2025-03-22
Product_24,Prescription,5988.89,4824.23,163,58,117,Vendor_16,Beta,Supply Chain,2025-10-20
Product_14,OTC,461.13,316.82,185,14,142,Vendor_20,Beta,Procurement,2025-07-08
Product_63,OTC,8600.51,6066.67,435,94,417,Vendor_17,Gamma,Ops,2025-03-05
Product_79,OTC,4919.75,4009.52,0,0,0,Vendor_11,Gamma,Ops,2025-10-25
Product_76,OTC,6168.48,5170.97,0,0,0,Vendor_8,Zigma,Supply Chain,2025-06-06
Product_62,OTC,7854.82,6357.22,334,202,128,Vendor_12,Alpha,Supply Chain,2025-09-02
Product_50,Supplements,2477.94,1810.59,0,0,0,Vendor_18,Beta,Ops,2025-11-12
Product_72,Prescription,7037.75,6180.08,0,0,0,Vendor_10,Gamma,Procurement,2025-03-11
Product_29,Prescription,6429.79,4347.78,0,0,0,Vendor_12,Beta,Procurement,2025-12-20
Product_53,Supplements,923.93,792.12,345,322,193,Vendor_18,Alpha,Procurement,2025-11-04
Product_41,OTC,7382.07,5261.62,0,0,0,Vendor_7,Gamma,Supply Chain,2025-10-05
Product_10,Prescription,3344.5,2260.49,0,0,0,Vendor_12,Zigma,Supply Chain,2025-08-11
Product_6,Prescription,6720.86,5692.36,285,3,17,Vendor_9,Alpha,Procurement,2025-11-03
Product_8,Prescription,8809.26,7650.71,89,24,67,Vendor_7,Gamma,Ops,2025-06-18
Product_1,OTC,10691.06,7420.56,0,0,0,Vendor_19,Zigma,Supply Chain,2025-09-27
Product_74,OTC,2065.02,1837.29,0,0,0,Vendor_13,Alpha,Ops,2025-01-16
Product_99,Prescription,10295.85,7741.35,407,212,14,Vendor_1,Zigma,Supply Chain,2025-11-24
Product_1,Supplements,8865.82,6880.48,0,0,0,Vendor_12,Alpha,Supply Chain,2025-04-25
Product_74,OTC,5165.1,4535.3,0,0,0,Vendor_4,Zigma,Ops,2025-05-15
Product_44,OTC,10541.3,7146.01,0,0,0,Vendor_8,Beta,Supply Chain,2025-02-19
Product_98,OTC,5913.09,4097.97,468,260,191,Vendor_15,Beta,Procurement,2025-07-22
Product_52,OTC,1553.97,1105.71,0,0,0,Vendor_6,Alpha,Supply Chain,2025-10-02
Product_7,OTC,7350.3,4967.04,26,24,23,Vendor_8,Beta,Ops,2025-01-17
Product_27,Supplements,5178.72,3629.84,0,0,0,Vendor_20,Zigma,Procurement,2025-03-19
Product_9,Supplements,8782.72,6814.23,27,16,6,Vendor_9,Zigma,Procurement,2025-11-28
Product_36,Supplements,8418.82,6031.39,0,0,0,Vendor_16,Beta,Procurement,2025-04-19
Product_17,Prescription,5115.56,4486.97,0,0,0,Vendor_7,Gamma,Ops,2025-01-18
Product_31,Prescription,1157.03,922.0,473,471,171,Vendor_12,Gamma,Procurement,2025-02-20
Product_76,Prescription,882.72,727.23,0,0,0,Vendor_5,Beta,Ops,2025-07-08
Product_96,OTC,2269.55,1649.06,444,343,431,Vendor_16,Gamma,Supply Chain,2025-08-24
Product_88,Prescription,1664.05,1477.23,0,0,0,Vendor_16,Alpha,Ops,2025-03-12
Product_67,OTC,3532.75,2705.53,178,115,3,Vendor_2,Zigma,Supply Chain,2025-09-17
Product_27,OTC,4475.57,3470.72,0,0,0,Vendor_1,Beta,Procurement,2025-12-23
Product_55,Supplements,1737.92,1482.86,22,7,17,Vendor_18,Gamma,Procurement,2025-04-25
Product_77,Prescription,1017.79,890.8,208,49,171,Vendor_6,Zigma,Ops,2025-05-22
Product_92,OTC,5777.11,3881.45,39,30,12,Vendor_17,Alpha,Ops,2025-05-28
Product_13,Supplements,2801.05,1953.6,0,0,0,Vendor_18,Alpha,Supply Chain,2025-08-18
Product_34,Supplements,2490.95,2071.66,0,0,0,Vendor_1,Beta,Supply Chain,2025-07-14
Product_77,Prescription,2691.01,1908.44,0,0,0,Vendor_12,Beta,Procurement,2025-01-07
Product_30,Supplements,978.13,731.82,249,35,159,Vendor_5,Alpha,Ops,2025-02-14
Product_74,OTC,6948.67,5091.83,0,0,0,Vendor_2,Beta,Procurement,2025-11-27
Product_54,Supplements,3998.33,2914.1,0,0,0,Vendor_7,Gamma,Ops,2025-05-02
Product_86,Prescription,3019.85,2013.41,357,223,152,Vendor_6,Beta,Ops,2025-07-31
Product_77,Supplements,1337.63,922.52,0,0,0,Vendor_15,Alpha,Supply Chain,2025-07-16
Product_98,Supplements,7551.29,5708.45,237,17,76,Vendor_2,Alpha,Supply Chain,2025-08-31
Product_93,Prescription,8796.85,6030.12,84,31,57,Vendor_5,Gamma,Ops,2025-06-27
Product_66,OTC,6463.61,4742.2,339,246,336,Vendor_12,Alpha,Procurement,2025-01-22
Product_10,Supplements,4036.17,3468.98,429,121,249,Vendor_17,Alpha,Procurement,2025-11-04
Product_83,Supplements,3786.75,2740.62,429,136,276,Vendor_18,Gamma,Supply Chain,2025-11-16
Product_97,OTC,3291.04,2611.74,104,55,3,Vendor_6,Beta,Supply Chain,2025-10-14
Product_25,OTC,914.01,631.21,78,4,7,Vendor_3,Beta,Supply Chain,2025-09-22
Product_9,Supplements,2204.71,1647.08,272,270,164,Vendor_18,Beta,Supply Chain,2025-03-24
Product_43,Prescription,9558.65,7158.74,322,126,190,Vendor_15,Beta,Procurement,2025-06-08
Product_86,Prescription,5197.11,4494.86,0,0,0,Vendor_7,Zigma,Supply Chain,2025-03-03
Product_18,Supplements,6842.36,5505.63,157,92,85,Vendor_15,Beta,Ops,2025-06-27
Product_25,Prescription,4301.43,3343.46,0,0,0,Vendor_1,Zigma,Supply Chain,2025-09-11
Product_86,OTC,8043.13,5462.2,0,0,0,Vendor_6,Beta,Supply Chain,2025-02-16
Product_21,Supplements,8059.39,7194.55,141,112,84,Vendor_5,Zigma,Procurement,2025-02-22
Product_71,Supplements,5406.53,4661.79,0,0,0,Vendor_6,Zigma,Procurement,2025-07-17
Product_61,Supplements,7440.66,5742.51,0,0,0,Vendor_20,Alpha,Supply Chain,2025-07-30
Product_84,Supplements,4871.01,3500.98,0,0,0,Vendor_9,Gamma,Supply Chain,2025-08-08
Product_68,Prescription,3189.04,2358.44,181,165,169,Vendor_5,Alpha,Procurement,2025-02-21
Product_70,Prescription,2638.0,2296.04,114,38,40,Vendor_17,Beta,Ops,2025-12-30
Product_47,Prescription,5743.14,4075.76,169,96,17,Vendor_11,Gamma,Procurement,2025-06-22
Product_87,Prescription,1807.23,1327.04,219,126,73,Vendor_4,Beta,Procurement,2025-06-13
Product_1,OTC,4265.62,3551.65,43,16,30,Vendor_10,Gamma,Supply Chain,2025-03-12
Product_91,Prescription,1422.99,985.11,0,0,0,Vendor_5,Zigma,Supply Chain,2025-12-23
Product_6,Prescription,6316.24,5314.18,0,0,0,Vendor_5,Alpha,Ops,2025-12-24
Product_49,OTC,2679.19,2028.44,286,82,217,Vendor_19,Gamma,Supply Chain,2025-08-14
Product_59,Prescription,3427.78,2611.75,0,0,0,Vendor_9,Zigma,Supply Chain,2025-09-22
Product_28,Supplements,7148.43,6023.4,456,418,396,Vendor_4,Beta,Supply Chain,2025-07-26
Product_13,Supplements,4362.93,3238.48,480,35,372,Vendor_12,Alpha,Ops,2025-09-16
Product_33,OTC,5904.12,4612.03,0,0,0,Vendor_17,Gamma,Supply Chain,2025-12-27
Product_40,Prescription,7671.98,5955.41,0,0,0,Vendor_7,Gamma,Procurement,2025-09-28
Product_28,OTC,3756.27,2721.79,0,0,0,Vendor_8,Gamma,Ops,2025-07-09
Product_60,OTC,1137.49,759.77,409,407,5,Vendor_12,Alpha,Supply Chain,2025-04-29
Product_56,OTC,4304.68,3088.78,0,0,0,Vendor_9,Zigma,Ops,2025-03-08
Product_56,Supplements,5750.61,5182.39,0,0,0,Vendor_8,Zigma,Procurement,2025-12-02
Product_36,Prescription,5624.7,3894.44,0,0,0,Vendor_11,Gamma,Supply Chain,2025-05-20
Product_27,Prescription,6796.61,4685.24,0,0,0,Vendor_20,Gamma,Ops,2025-12-18
Product_76,OTC,11105.17,7503.7,385,148,366,Vendor_4,Gamma,Supply Chain,2025-07-23
Product_39,Supplements,4273.87,3157.2,0,0,0,Vendor_18,Zigma,Procurement,2025-09-02
Product_29,OTC,8482.05,6733.62,195,133,64,Vendor_19,Zigma,Procurement,2025-12-08
Product_90,Prescription,9735.74,6969.19,435,5,5,Vendor_10,Zigma,Procurement,2025-07-10
Product_40,Prescription,1896.14,1549.17,488,311,351,Vendor_16,Gamma,Ops,2025-01-10
Product_9,Prescription,7297.15,6352.97,0,0,0,Vendor_16,Beta,Supply Chain,2025-01-30
Product_66,OTC,6914.94,6240.43,0,0,0,Vendor_14,Zigma,Ops,2025-02-03
Product_34,Prescription,1693.6,1531.71,0,0,0,Vendor_12,Zigma,Procurement,2025-04-15
Product_21,Supplements,633.9,471.72,0,0,0,Vendor_10,Zigma,Ops,2025-04-24
Product_58,Supplements,2892.49,2144.88,0,0,0,Vendor_11,Alpha,Ops,2025-08-30
Product_71,Prescription,7395.8,5402.96,0,0,0,Vendor_6,Gamma,Ops,2025-09-28
Product_86,Supplements,8006.1,7246.9,211,101,85,Vendor_8,Alpha,Ops,2025-05-22
Product_96,Prescription,917.14,774.94,0,0,0,Vendor_9,Beta,Ops,2025-09-28
Product_94,Prescription,6031.38,5093.14,341,233,297,Vendor_14,Beta,Ops,2025-09-01
Product_73,Prescription,3838.25,3166.82,0,0,0,Vendor_10,Beta,Supply Chain,2025-07-20
Product_81,OTC,746.26,537.06,466,436,245,Vendor_11,Beta,Procurement,2025-12-12
Product_26,OTC,8182.1,5469.04,376,157,57,Vendor_18,Gamma,Procurement,2025-03-27
Product_15,Prescription,7799.41,5579.91,455,303,131,Vendor_5,Alpha,Supply Chain,2025-07-17
Product_72,Prescription,6534.65,4681.64,270,23,174,Vendor_6,Alpha,Supply Chain,2025-10-01
Product_65,OTC,2573.3,2049.05,0,0,0,Vendor_9,Beta,Procurement,2025-03-27
Product_69,OTC,8723.72,7907.41,0,0,0,Vendor_6,Zigma,Procurement,2025-12-15
Product_23,OTC,615.51,491.03,446,275,337,Vendor_18,Gamma,Procurement,2025-06-11
Product_89,OTC,3467.16,2417.92,0,0,0,Vendor_8,Gamma,Supply Chain,2025-04-23
Product_33,OTC,4960.31,3628.15,433,222,258,Vendor_10,Zigma,Ops,2025-09-30
Product_60,OTC,4094.36,3589.11,352,155,199,Vendor_9,Gamma,Supply Chain,2025-02-24
Product_66,Prescription,4918.76,3561.61,412,284,150,Vendor_4,Gamma,Ops,2025-04-21
Product_82,Prescription,4063.99,3332.91,0,0,0,Vendor_19,Alpha,Ops,2025-01-29
Product_51,Supplements,6030.36,5133.54,0,0,0,Vendor_18,Gamma,Ops,2025-09-24
Product_56,Prescription,6140.28,4487.25,0,0,0,Vendor_2,Beta,Supply Chain,2025-03-03
Product_23,OTC,8215.92,7031.74,220,218,204,Vendor_20,Alpha,Supply Chain,2025-09-10
Product_23,Supplements,4074.78,2743.77,484,45,453,Vendor_10,Beta,Procurement,2025-06-15
Product_54,Prescription,6331.02,4564.06,0,0,0,Vendor_20,Alpha,Supply Chain,2025-09-05
Product_33,OTC,450.3,308.37,0,0,0,Vendor_8,Zigma,Procurement,2025-08-05
Product_43,Supplements,4669.0,3201.63,78,7,18,Vendor_5,Zigma,Ops,2025-11-11
Product_77,Supplements,5111.02,3675.16,320,154,76,Vendor_8,Gamma,Ops,2025-03-19
Product_76,Prescription,7555.47,5201.28,0,0,0,Vendor_11,Alpha,Ops,2025-01-13
Product_22,Supplements,1315.74,992.75,0,0,0,Vendor_12,Beta,Procurement,2025-09-04
Product_6,Supplements,8888.78,6974.27,0,0,0,Vendor_7,Gamma,Supply Chain,2025-01-07
Product_5,Supplements,7425.64,6162.39,316,275,95,Vendor_15,Beta,Supply Chain,2025-10-21
Product_21,Prescription,6158.28,5179.74,0,0,0,Vendor_14,Alpha,Procurement,2025-12-04
Product_17,Prescription,894.44,664.97,380,52,212,Vendor_1,Zigma,Procurement,2025-03-07
Product_53,Prescription,6355.07,4564.5,0,0,0,Vendor_3,Zigma,Supply Chain,2025-11-16
Product_41,Supplements,3814.83,2660.81,0,0,0,Vendor_20,Alpha,Procurement,2025-02-23
Product_20,OTC,2480.33,1948.2,41,1,39,Vendor_11,Alpha,Procurement,2025-08-31
Product_98,Prescription,535.49,477.92,0,0,0,Vendor_8,Gamma,Ops,2025-05-16
Product_41,Prescription,10192.59,7905.07,96,7,94,Vendor_16,Beta,Supply Chain,2025-12-23
Product_5,Supplements,5744.13,3879.51,0,0,0,Vendor_19,Alpha,Ops,2025-05-26
Product_59,OTC,8099.28,5930.35,0,0,0,Vendor_4,Gamma,Ops,2025-12-13
Product_83,OTC,10182.88,7592.57,0,0,0,Vendor_14,Zigma,Supply Chain,2025-11-13
Product_73,Supplements,6170.06,5570.46,107,54,58,Vendor_6,Gamma,Ops,2025-09-16
Product_44,OTC,6988.53,6199.14,0,0,0,Vendor_1,Beta,Ops,2025-04-22
Product_25,Prescription,9919.5,7126.54,154,89,135,Vendor_16,Zigma,Supply Chain,2025-11-11
Product_89,Supplements,6770.0,4845.4,281,265,15,Vendor_4,Gamma,Supply Chain,2025-01-12
Product_95,OTC,8389.0,6466.03,0,0,0,Vendor_6,Alpha,Supply Chain,2025-09-25
Product_55,Prescription,1657.7,1415.72,0,0,0,Vendor_8,Gamma,Ops,2025-07-12
Product_16,OTC,2565.21,1726.56,0,0,0,Vendor_5,Beta,Procurement,2025-04-01
Product_42,Supplements,7444.16,6454.35,0,0,0,Vendor_19,Zigma,Supply Chain,2025-04-13
Product_17,OTC,8127.47,6083.84,256,81,131,Vendor_13,Zigma,Ops,2025-08-23
Product_26,Supplements,3787.98,3162.88,440,160,431,Vendor_6,Alpha,Supply Chain,2025-04-27
Product_84,OTC,1627.9,1370.76,473,393,297,Vendor_18,Zigma,Supply Chain,2025-10-20
Product_84,OTC,5332.1,3634.67,58,45,34,Vendor_18,Zigma,Ops,2025-10-12
Product_39,OTC,8324.91,5751.69,203,186,16,Vendor_12,Gamma,Procurement,2025-10-01
Product_68,Prescription,615.47,442.82,10,3,8,Vendor_11,Zigma,Procurement,2025-09-11
Product_80,OTC,10003.73,7922.17,0,0,0,Vendor_15,Alpha,Procurement,2025-04-05
