SO_Number,Pharmacy_Name,Product,Quantity_Ordered,Quantity_Invoiced,Unit_Price
SO_1000,Pharmacy_12,Product_32,103,44,7907.06
SO_1001,Pharmacy_31,Product_23,21,15,1982.18
SO_1002,Pharmacy_37,Product_42,75,0,1857.23
SO_1003,Pharmacy_12,Product_47,131,59,695.55
SO_1004,Pharmacy_11,Product_27,2,1,507.4
SO_1005,Pharmacy_6,Product_38,188,119,2242.34
SO_1006,Pharmacy_25,Product_39,58,0,3266.68
SO_1007,Pharmacy_9,Product_21,59,52,4298.68
SO_1008,Pharmacy_17,Product_38,188,73,7959.17
SO_1009,Pharmacy_50,Product_20,51,0,4133.39
SO_1010,Pharmacy_47,Product_18,64,60,6962.92
SO_1011,Pharmacy_24,Product_37,73,41,1117.99
SO_1012,Pharmacy_42,Product_17,132,82,4161.46
SO_1013,Pharmacy_16,Product_14,90,71,1427.89
SO_1014,Pharmacy_28,Product_20,84,70,6294.97
SO_1015,Pharmacy_33,Product_4,8,2,826.69
SO_1016,Pharmacy_44,Product_14,81,68,3461.26
SO_1017,Pharmacy_45,Product_7,134,31,2475.45
SO_1018,Pharmacy_34,Product_19,4,2,9257.81
SO_1019,Pharmacy_17,Product_38,190,164,3590.64
SO_1020,Pharmacy_44,Product_46,82,82,9669.93
SO_1021,Pharmacy_13,Product_45,188,173,5655.61
SO_1022,Pharmacy_26,Product_44,41,14,648.55
SO_1023,Pharmacy_5,Product_36,9,4,7836.33
SO_1024,Pharmacy_6,Product_25,136,123,7827.07
SO_1025,Pharmacy_1,Product_38,5,4,9299.86
SO_1026,Pharmacy_48,Product_3,41,13,4022.77
SO_1027,Pharmacy_26,Product_41,62,35,3589.24
SO_1028,Pharmacy_28,Product_13,99,12,5831.81
SO_1029,Pharmacy_6,Product_31,101,79,9731.26
SO_1030,Pharmacy_44,Product_45,131,92,7824.19
SO_1031,Pharmacy_47,Product_16,103,103,884.12
SO_1032,Pharmacy_35,Product_46,15,8,2416.33
SO_1033,Pharmacy_25,Product_23,96,29,6545.9
SO_1034,Pharmacy_3,Product_20,52,52,1823.65
SO_1035,Pharmacy_9,Product_40,143,110,7677.74
SO_1036,Pharmacy_13,Product_23,36,23,7100.46
SO_1037,Pharmacy_21,Product_9,28,21,9332.13
SO_1038,Pharmacy_9,Product_1,45,18,4837.08
SO_1039,Pharmacy_48,Product_22,108,54,2272.42
SO_1040,Pharmacy_27,Product_49,30,14,1659.84
SO_1041,Pharmacy_44,Product_26,190,156,1545.49
SO_1042,Pharmacy_35,Product_36,121,23,2064.23
SO_1043,Pharmacy_38,Product_42,155,45,4465.4
SO_1044,Pharmacy_35,Product_13,165,44,2819.19
SO_1045,Pharmacy_24,Product_41,59,51,3570.43
SO_1046,Pharmacy_49,Product_1,96,0,1116.48
SO_1047,Pharmacy_21,Product_36,186,182,9643.25
SO_1048,Pharmacy_26,Product_42,39,0,3205.98
SO_1049,Pharmacy_11,Product_37,81,47,3034.42
SO_1050,Pharmacy_50,Product_50,2,0,3147.14
SO_1051,Pharmacy_27,Product_15,129,77,2775.84
SO_1052,Pharmacy_36,Product_36,130,0,5752.48
SO_1053,Pharmacy_43,Product_29,68,68,1268.11
SO_1054,Pharmacy_6,Product_14,184,154,3993.94
SO_1055,Pharmacy_39,Product_42,116,37,9842.52
SO_1056,Pharmacy_26,Product_14,139,104,1931.82
SO_1057,Pharmacy_21,Product_36,187,142,2271.93
SO_1058,Pharmacy_42,Product_47,93,44,2592.29
SO_1059,Pharmacy_29,Product_27,90,77,5364.88
SO_1060,Pharmacy_33,Product_22,147,56,9434.97
SO_1061,Pharmacy_22,Product_13,168,87,4173.99
SO_1062,Pharmacy_40,Product_40,82,61,7484.55
SO_1063,Pharmacy_3,Product_1,178,156,9284.59
SO_1064,Pharmacy_46,Product_25,42,35,8263.61
SO_1065,Pharmacy_14,Product_39,60,13,2977.88
SO_1066,Pharmacy_28,Product_10,129,87,3720.78
SO_1067,Pharmacy_15,Product_16,99,82,7153.4
SO_1068,Pharmacy_30,Product_23,131,67,8933.82
SO_1069,Pharmacy_16,Product_36,116,106,1299.33
SO_1070,Pharmacy_22,Product_39,164,109,587.37
SO_1071,Pharmacy_27,Product_13,99,84,9749.81
SO_1072,Pharmacy_18,Product_17,146,95,7073
SO_1073,Pharmacy_16,Product_50,189,44,2630.56
SO_1074,Pharmacy_13,Product_2,161,96,2198.82
SO_1075,Pharmacy_20,Product_40,128,62,7569.62
SO_1076,Pharmacy_43,Product_24,195,165,1389.91
SO_1077,Pharmacy_2,Product_26,115,115,6545.16
SO_1078,Pharmacy_43,Product_33,22,18,6495.82
SO_1079,Pharmacy_48,Product_27,21,11,5275.05
SO_1080,Pharmacy_40,Product_49,28,23,2686.76
SO_1081,Pharmacy_28,Product_4,48,34,3167.34
SO_1082,Pharmacy_14,Product_48,35,20,3155.82
SO_1083,Pharmacy_48,Product_13,6,3,4016.51
SO_1084,Pharmacy_10,Product_13,37,20,9683.22
SO_1085,Pharmacy_34,Product_26,99,81,9813.15
SO_1086,Pharmacy_21,Product_47,116,40,8585.8
SO_1087,Pharmacy_45,Product_49,67,9,2110.18
SO_1088,Pharmacy_6,Product_13,25,23,9335.16
SO_1089,Pharmacy_22,Product_48,174,86,1423.18
SO_1090,Pharmacy_7,Product_45,32,8,2914.55
SO_1091,Pharmacy_40,Product_3,130,130,3564.23
SO_1092,Pharmacy_10,Product_40,104,96,3915.17
SO_1093,Pharmacy_6,Product_47,170,155,8188.93
SO_1094,Pharmacy_18,Product_44,99,78,1275.14
SO_1095,Pharmacy_7,Product_46,135,22,5264.4
SO_1096,Pharmacy_22,Product_7,173,74,8922.86
SO_1097,Pharmacy_40,Product_5,143,80,4068.04
SO_1098,Pharmacy_19,Product_20,66,66,3617.45
SO_1099,Pharmacy_36,Product_40,186,73,5655.12
SO_1100,Pharmacy_4,Product_46,125,80,2877.39
SO_1101,Pharmacy_28,Product_46,170,109,8314.71
SO_1102,Pharmacy_24,Product_30,54,0,8364.76
SO_1103,Pharmacy_35,Product_40,60,43,2550.3
SO_1104,Pharmacy_18,Product_10,5,4,2346.61
SO_1105,Pharmacy_19,Product_36,94,52,5636.03
SO_1106,Pharmacy_18,Product_44,55,31,4618.45
SO_1107,Pharmacy_31,Product_24,58,26,1245.34
SO_1108,Pharmacy_30,Product_13,117,65,7040.75
SO_1109,Pharmacy_32,Product_44,129,46,2146.3
SO_1110,Pharmacy_37,Product_25,1,0,1391.8
SO_1111,Pharmacy_12,Product_30,89,44,6771.88
SO_1112,Pharmacy_6,Product_22,117,79,6742.56
SO_1113,Pharmacy_38,Product_42,69,69,6311.35
SO_1114,Pharmacy_14,Product_21,195,74,7699.54
SO_1115,Pharmacy_31,Product_48,185,39,3747.86
SO_1116,Pharmacy_12,Product_34,69,35,9805.35
SO_1117,Pharmacy_39,Product_1,197,82,5004.65
SO_1118,Pharmacy_43,Product_50,176,76,4914.4
SO_1119,Pharmacy_14,Product_3,101,93,4285.79
SO_1120,Pharmacy_3,Product_15,10,6,5624.09
SO_1121,Pharmacy_8,Product_26,4,3,6350.59
SO_1122,Pharmacy_36,Product_30,80,43,6064.87
SO_1123,Pharmacy_7,Product_20,84,51,5967
SO_1124,Pharmacy_45,Product_7,178,51,8206.44
SO_1125,Pharmacy_11,Product_26,171,113,9443.92
SO_1126,Pharmacy_25,Product_11,67,50,2463.5
SO_1127,Pharmacy_33,Product_5,29,26,1158.93
SO_1128,Pharmacy_27,Product_48,95,45,6373.41
SO_1129,Pharmacy_21,Product_50,81,45,6729.37
SO_1130,Pharmacy_32,Product_35,93,39,1622.57
SO_1131,Pharmacy_21,Product_1,114,97,6474.96
SO_1132,Pharmacy_33,Product_20,157,89,9692.02
SO_1133,Pharmacy_6,Product_39,164,73,2185.68
SO_1134,Pharmacy_3,Product_40,152,9,7875.92
SO_1135,Pharmacy_2,Product_32,152,35,8737.61
SO_1136,Pharmacy_13,Product_2,37,30,7529.13
SO_1137,Pharmacy_29,Product_17,99,26,1479.68
SO_1138,Pharmacy_26,Product_14,17,8,4201.37
SO_1139,Pharmacy_42,Product_6,141,141,9007.47
SO_1140,Pharmacy_21,Product_29,177,84,9589.61
SO_1141,Pharmacy_2,Product_29,128,114,5083.95
SO_1142,Pharmacy_40,Product_39,111,104,2520.92
SO_1143,Pharmacy_13,Product_8,53,53,8020
SO_1144,Pharmacy_47,Product_4,57,57,9702.19
SO_1145,Pharmacy_5,Product_38,9,6,7734.35
SO_1146,Pharmacy_32,Product_29,145,68,8307.67
SO_1147,Pharmacy_5,Product_29,122,80,1892.75
SO_1148,Pharmacy_36,Product_18,29,4,8221.6
SO_1149,Pharmacy_28,Product_39,71,12,9867.01
SO_1150,Pharmacy_11,Product_14,132,131,5075.84
SO_1151,Pharmacy_48,Product_31,108,33,5804.84
SO_1152,Pharmacy_31,Product_43,91,32,4627.29
SO_1153,Pharmacy_11,Product_12,173,42,607.86
SO_1154,Pharmacy_33,Product_49,126,87,7587.43
SO_1155,Pharmacy_28,Product_7,92,32,9640.64
SO_1156,Pharmacy_13,Product_14,191,66,5519.52
SO_1157,Pharmacy_37,Product_26,117,68,9650.61
SO_1158,Pharmacy_35,Product_33,44,27,3565.52
SO_1159,Pharmacy_4,Product_7,80,57,5513.16
SO_1160,Pharmacy_16,Product_33,164,121,5469.43
SO_1161,Pharmacy_42,Product_19,49,30,7109.61
SO_1162,Pharmacy_38,Product_17,159,159,9194.92
SO_1163,Pharmacy_13,Product_28,74,28,9528.91
SO_1164,Pharmacy_25,Product_19,102,102,3135.12
SO_1165,Pharmacy_50,Product_15,92,32,6645.06
SO_1166,Pharmacy_15,Product_37,136,123,1238.48
SO_1167,Pharmacy_13,Product_10,41,2,2969.52
SO_1168,Pharmacy_46,Product_27,155,108,3440.51
SO_1169,Pharmacy_40,Product_50,157,157,1765.26
SO_1170,Pharmacy_18,Product_8,35,28,4473.31
SO_1171,Pharmacy_38,Product_12,56,56,8828.28
SO_1172,Pharmacy_23,Product_9,109,55,7887.22
SO_1173,Pharmacy_6,Product_40,146,36,9879.12
SO_1174,Pharmacy_11,Product_25,177,177,4233.4
SO_1175,Pharmacy_41,Product_47,59,23,8500.13
SO_1176,Pharmacy_48,Product_6,161,0,3097.37
SO_1177,Pharmacy_39,Product_5,55,18,8714.86
SO_1178,Pharmacy_25,Product_17,197,197,9475.27
SO_1179,Pharmacy_37,Product_10,83,57,2849.81
SO_1180,Pharmacy_2,Product_41,78,31,3109.95
SO_1181,Pharmacy_32,Product_19,4,1,2672.11
SO_1182,Pharmacy_10,Product_45,113,0,8398.03
SO_1183,Pharmacy_41,Product_7,50,25,8595.72
SO_1184,Pharmacy_20,Product_27,54,39,5060.44
SO_1185,Pharmacy_14,Product_1,151,151,7673.8
SO_1186,Pharmacy_42,Product_20,85,80,9079.94
SO_1187,Pharmacy_8,Product_40,192,145,638.17
SO_1188,Pharmacy_2,Product_43,38,38,5770.75
SO_1189,Pharmacy_20,Product_5,179,175,9089.51
SO_1190,Pharmacy_50,Product_7,52,0,9149.48
SO_1191,Pharmacy_42,Product_26,30,30,6409.82
SO_1192,Pharmacy_1,Product_38,51,45,4863.79
SO_1193,Pharmacy_27,Product_38,145,115,5175.1
SO_1194,Pharmacy_23,Product_41,84,60,5179.87
SO_1195,Pharmacy_9,Product_32,126,74,6517.31
SO_1196,Pharmacy_10,Product_13,115,0,6055.28
SO_1197,Pharmacy_45,Product_12,118,118,7127.84
SO_1198,Pharmacy_10,Product_32,132,58,9019.49
SO_1199,Pharmacy_2,Product_38,195,55,5394.74
SO_1200,Pharmacy_18,Product_38,160,74,888.25
SO_1201,Pharmacy_33,Product_36,5,2,3778.28
SO_1202,Pharmacy_34,Product_8,170,96,2460.17
SO_1203,Pharmacy_1,Product_20,34,9,1723.11
SO_1204,Pharmacy_34,Product_25,45,18,5070.88
SO_1205,Pharmacy_28,Product_45,56,29,8799
SO_1206,Pharmacy_6,Product_45,63,41,5597.61
SO_1207,Pharmacy_1,Product_22,56,34,5102.97
SO_1208,Pharmacy_13,Product_5,28,11,7600.97
SO_1209,Pharmacy_23,Product_22,14,0,1903.52
SO_1210,Pharmacy_6,Product_40,115,88,5360.94
SO_1211,Pharmacy_7,Product_8,18,12,4750.42
SO_1212,Pharmacy_17,Product_39,115,41,4084.2
SO_1213,Pharmacy_1,Product_42,39,12,3559.75
SO_1214,Pharmacy_14,Product_2,86,31,8960.01
SO_1215,Pharmacy_46,Product_16,25,12,6951.47
SO_1216,Pharmacy_10,Product_14,67,34,6049.9
SO_1217,Pharmacy_37,Product_6,34,34,5798.55
SO_1218,Pharmacy_19,Product_27,168,48,3195.87
SO_1219,Pharmacy_42,Product_8,6,3,9046.65
SO_1220,Pharmacy_1,Product_40,64,1,9871.89
SO_1221,Pharmacy_24,Product_11,121,106,2753.65
SO_1222,Pharmacy_38,Product_17,150,62,5134.19
SO_1223,Pharmacy_8,Product_43,94,20,2272.39
SO_1224,Pharmacy_24,Product_4,62,52,550.35
SO_1225,Pharmacy_22,Product_30,118,75,2950.08
SO_1226,Pharmacy_50,Product_22,179,137,5582.85
SO_1227,Pharmacy_44,Product_31,26,22,3159.8
SO_1228,Pharmacy_45,Product_32,44,14,7494.35
SO_1229,Pharmacy_33,Product_33,140,110,1590.95
SO_1230,Pharmacy_31,Product_34,90,48,5307.99
SO_1231,Pharmacy_44,Product_17,100,64,3546.1
SO_1232,Pharmacy_48,Product_4,3,1,1776.94
SO_1233,Pharmacy_9,Product_23,151,72,5714.76
SO_1234,Pharmacy_25,Product_26,130,117,2919.09
SO_1235,Pharmacy_22,Product_19,101,43,525.75
SO_1236,Pharmacy_18,Product_8,9,3,4412.49
SO_1237,Pharmacy_50,Product_17,94,94,1513.64
SO_1238,Pharmacy_31,Product_46,69,49,9414.23
SO_1239,Pharmacy_11,Product_48,76,31,4102.67
SO_1240,Pharmacy_26,Product_40,1,0,8497.37
SO_1241,Pharmacy_37,Product_13,72,72,8365.44
SO_1242,Pharmacy_46,Product_21,14,10,2270.85
SO_1243,Pharmacy_18,Product_50,83,61,6819.37
SO_1244,Pharmacy_11,Product_34,154,79,6088.91
SO_1245,Pharmacy_9,Product_25,146,114,8257.69
SO_1246,Pharmacy_4,Product_13,39,29,6428.96
SO_1247,Pharmacy_29,Product_34,97,66,7602.29
SO_1248,Pharmacy_22,Product_4,143,5,4219.08
SO_1249,Pharmacy_24,Product_38,194,174,5663.75
SO_1250,Pharmacy_15,Product_19,104,69,4599.52
SO_1251,Pharmacy_25,Product_4,67,9,6463.23
SO_1252,Pharmacy_46,Product_34,42,29,6390.69
SO_1253,Pharmacy_14,Product_46,155,73,7991.67
SO_1254,Pharmacy_8,Product_22,38,32,7896.43
SO_1255,Pharmacy_10,Product_2,33,29,818.56
SO_1256,Pharmacy_42,Product_26,86,50,7669.04
SO_1257,Pharmacy_31,Product_49,118,118,8301.94
SO_1258,Pharmacy_23,Product_16,159,58,6237.6
SO_1259,Pharmacy_18,Product_27,15,0,8074.31
SO_1260,Pharmacy_23,Product_26,5,0,7832.88
SO_1261,Pharmacy_27,Product_35,155,75,6590.9
SO_1262,Pharmacy_18,Product_16,164,18,3784.11
SO_1263,Pharmacy_11,Product_42,11,7,9611.21
SO_1264,Pharmacy_21,Product_32,104,6,4889.06
SO_1265,Pharmacy_50,Product_47,46,46,6342.03
SO_1266,Pharmacy_21,Product_49,141,121,6133.15
SO_1267,Pharmacy_46,Product_18,100,31,9228.13
SO_1268,Pharmacy_13,Product_1,133,88,1949.12
SO_1269,Pharmacy_16,Product_8,92,67,4057.14
SO_1270,Pharmacy_24,Product_43,137,137,9376.49
SO_1271,Pharmacy_44,Product_46,11,4,4782.97
SO_1272,Pharmacy_36,Product_40,46,18,2270.05
SO_1273,Pharmacy_33,Product_30,57,25,3655.39
SO_1274,Pharmacy_34,Product_44,182,182,4290.53
SO_1275,Pharmacy_42,Product_38,53,40,3684.37
SO_1276,Pharmacy_42,Product_24,180,133,1585.54
SO_1277,Pharmacy_37,Product_23,25,24,8703.42
SO_1278,Pharmacy_24,Product_37,38,8,7506.26
SO_1279,Pharmacy_23,Product_18,17,3,6077.15
SO_1280,Pharmacy_8,Product_7,187,49,2175.68
SO_1281,Pharmacy_5,Product_50,199,110,2072.38
SO_1282,Pharmacy_46,Product_23,88,80,3137.08
SO_1283,Pharmacy_39,Product_31,154,60,624.4
SO_1284,Pharmacy_44,Product_14,49,25,1310.82
SO_1285,Pharmacy_37,Product_28,189,50,2252.4
SO_1286,Pharmacy_47,Product_43,71,28,7624.62
SO_1287,Pharmacy_38,Product_40,123,79,8097.93
SO_1288,Pharmacy_17,Product_27,62,26,847.22
SO_1289,Pharmacy_34,Product_50,30,13,8447.37
SO_1290,Pharmacy_22,Product_50,19,19,4687.25
SO_1291,Pharmacy_38,Product_7,114,0,5221.61
SO_1292,Pharmacy_17,Product_49,179,88,8686.96
SO_1293,Pharmacy_40,Product_6,103,50,7655.84
SO_1294,Pharmacy_32,Product_30,10,8,4382.97
SO_1295,Pharmacy_35,Product_24,87,17,9799.85
SO_1296,Pharmacy_25,Product_16,32,28,757.41
SO_1297,Pharmacy_30,Product_2,67,65,2695.21
SO_1298,Pharmacy_35,Product_11,187,187,3723.08
SO_1299,Pharmacy_33,Product_7,67,43,8930.87
SO_1300,Pharmacy_20,Product_38,92,45,2810.14
SO_1301,Pharmacy_36,Product_2,78,41,6230.38
SO_1302,Pharmacy_47,Product_36,46,22,6846.81
SO_1303,Pharmacy_11,Product_43,142,134,3284.9
SO_1304,Pharmacy_28,Product_23,176,117,7491.09
SO_1305,Pharmacy_2,Product_12,85,32,752.06
SO_1306,Pharmacy_42,Product_19,125,87,7187.49
SO_1307,Pharmacy_20,Product_6,129,111,8265.71
SO_1308,Pharmacy_10,Product_32,148,133,3949.06
SO_1309,Pharmacy_22,Product_17,119,53,3046.6
SO_1310,Pharmacy_22,Product_15,5,4,3946.2
SO_1311,Pharmacy_15,Product_4,53,21,3297.42
SO_1312,Pharmacy_11,Product_9,86,42,5874.88
SO_1313,Pharmacy_40,Product_49,59,39,8998.25
SO_1314,Pharmacy_28,Product_7,128,74,5368.35
SO_1315,Pharmacy_31,Product_35,9,1,5645.53
SO_1316,Pharmacy_32,Product_34,25,10,8431.84
SO_1317,Pharmacy_33,Product_25,4,1,1756.62
SO_1318,Pharmacy_32,Product_50,29,12,674.71
SO_1319,Pharmacy_19,Product_20,146,53,5531.79
SO_1320,Pharmacy_3,Product_42,42,4,5764.69
SO_1321,Pharmacy_22,Product_25,153,117,5225.92
SO_1322,Pharmacy_44,Product_44,76,51,6204.91
SO_1323,Pharmacy_38,Product_50,53,47,2166.03
SO_1324,Pharmacy_23,Product_30,173,87,7823.66
SO_1325,Pharmacy_23,Product_37,46,43,946.18
SO_1326,Pharmacy_47,Product_36,54,26,6229.95
SO_1327,Pharmacy_10,Product_40,26,17,1148.37
SO_1328,Pharmacy_17,Product_28,11,3,7330.94
SO_1329,Pharmacy_44,Product_47,39,7,6298.84
SO_1330,Pharmacy_46,Product_18,54,54,9399.88
SO_1331,Pharmacy_33,Product_33,69,35,5095.67
SO_1332,Pharmacy_44,Product_14,36,8,8494.53
SO_1333,Pharmacy_32,Product_32,81,52,5215.48
SO_1334,Pharmacy_48,Product_14,109,77,5005.25
SO_1335,Pharmacy_48,Product_49,73,20,1213.81
SO_1336,Pharmacy_3,Product_28,17,17,6183.72
SO_1337,Pharmacy_19,Product_42,25,9,2840.82
SO_1338,Pharmacy_1,Product_12,131,66,8170.59
SO_1339,Pharmacy_17,Product_34,49,19,1799.78
SO_1340,Pharmacy_14,Product_25,74,49,1323.7
SO_1341,Pharmacy_34,Product_35,80,80,8792.99
SO_1342,Pharmacy_3,Product_10,8,7,7378.98
SO_1343,Pharmacy_18,Product_29,198,159,9815.48
SO_1344,Pharmacy_17,Product_22,89,89,990.16
SO_1345,Pharmacy_38,Product_21,26,23,874.55
SO_1346,Pharmacy_5,Product_36,10,2,3472.12
SO_1347,Pharmacy_43,Product_26,79,79,7125.49
SO_1348,Pharmacy_37,Product_4,137,74,4506.75
SO_1349,Pharmacy_12,Product_9,82,45,7578.11
SO_1350,Pharmacy_26,Product_6,116,53,8374.7
SO_1351,Pharmacy_35,Product_41,17,14,6676.59
SO_1352,Pharmacy_50,Product_24,152,71,1231.06
SO_1353,Pharmacy_13,Product_46,37,18,5537.52
SO_1354,Pharmacy_10,Product_35,183,183,8137.78
SO_1355,Pharmacy_25,Product_34,4,0,8011.87
SO_1356,Pharmacy_1,Product_46,153,98,4554.76
SO_1357,Pharmacy_11,Product_23,108,108,2713.12
SO_1358,Pharmacy_49,Product_20,55,37,502.26
SO_1359,Pharmacy_8,Product_5,13,7,5524.9
SO_1360,Pharmacy_26,Product_8,160,160,3081.03
SO_1361,Pharmacy_6,Product_29,121,48,7798.6
SO_1362,Pharmacy_24,Product_11,153,104,7456.58
SO_1363,Pharmacy_50,Product_33,177,0,1549.5
SO_1364,Pharmacy_48,Product_47,142,118,7297.76
SO_1365,Pharmacy_36,Product_49,37,17,899.89
SO_1366,Pharmacy_43,Product_23,193,101,1682.16
SO_1367,Pharmacy_16,Product_33,187,62,9524.63
SO_1368,Pharmacy_16,Product_40,61,46,9832.14
SO_1369,Pharmacy_14,Product_5,63,8,9474.95
SO_1370,Pharmacy_5,Product_35,11,6,4315.01
SO_1371,Pharmacy_15,Product_19,93,57,6671.64
SO_1372,Pharmacy_42,Product_12,117,65,848.95
SO_1373,Pharmacy_20,Product_46,3,1,8348.95
SO_1374,Pharmacy_43,Product_17,5,5,7112.2
SO_1375,Pharmacy_34,Product_9,3,1,8250.41
SO_1376,Pharmacy_1,Product_31,13,8,6132.93
SO_1377,Pharmacy_5,Product_41,142,20,8671.2
SO_1378,Pharmacy_25,Product_30,11,5,1730.39
SO_1379,Pharmacy_3,Product_4,137,106,921.58
SO_1380,Pharmacy_24,Product_17,76,44,9350.1
SO_1381,Pharmacy_39,Product_36,139,75,1326.37
SO_1382,Pharmacy_22,Product_36,124,23,7372.49
SO_1383,Pharmacy_20,Product_17,90,34,5559.72
SO_1384,Pharmacy_44,Product_10,37,29,1223.24
SO_1385,Pharmacy_41,Product_5,81,22,1084.41
SO_1386,Pharmacy_12,Product_35,45,45,8334.47
SO_1387,Pharmacy_42,Product_19,56,24,6790.06
SO_1388,Pharmacy_21,Product_2,40,4,8846.98
SO_1389,Pharmacy_32,Product_33,147,108,8747.53
SO_1390,Pharmacy_10,Product_14,92,77,7125.98
SO_1391,Pharmacy_44,Product_16,170,127,1505.42
SO_1392,Pharmacy_17,Product_10,155,62,8868.27
SO_1393,Pharmacy_43,Product_11,58,43,4921.97
SO_1394,Pharmacy_17,Product_19,31,17,3683.63
SO_1395,Pharmacy_15,Product_5,158,101,9132.66
SO_1396,Pharmacy_31,Product_21,82,59,5320.94
SO_1397,Pharmacy_21,Product_17,39,28,2334.76
SO_1398,Pharmacy_49,Product_39,13,8,6502.23
SO_1399,Pharmacy_1,Product_6,98,60,6523.05
SO_1400,Pharmacy_3,Product_26,88,46,3191.76
SO_1401,Pharmacy_2,Product_21,199,130,5642.03
SO_1402,Pharmacy_5,Product_33,63,15,7660.14
SO_1403,Pharmacy_31,Product_28,22,10,9403.67
SO_1404,Pharmacy_4,Product_24,96,71,7231.43
SO_1405,Pharmacy_46,Product_16,118,49,3785.89
SO_1406,Pharmacy_49,Product_31,120,51,7703.5
SO_1407,Pharmacy_47,Product_40,7,4,1123.45
SO_1408,Pharmacy_21,Product_49,33,18,7818.87
SO_1409,Pharmacy_15,Product_12,58,0,509.78
SO_1410,Pharmacy_41,Product_42,174,139,1470.84
SO_1411,Pharmacy_47,Product_19,39,22,5506.73
SO_1412,Pharmacy_44,Product_38,29,8,1282.62
SO_1413,Pharmacy_41,Product_21,84,68,6717.86
SO_1414,Pharmacy_37,Product_23,27,1,3547.06
SO_1415,Pharmacy_41,Product_37,166,71,2684.57
SO_1416,Pharmacy_22,Product_6,189,133,7291.78
SO_1417,Pharmacy_14,Product_39,18,9,8711.4
SO_1418,Pharmacy_17,Product_34,27,18,7823.76
SO_1419,Pharmacy_4,Product_21,174,128,5538.37
SO_1420,Pharmacy_49,Product_30,199,63,809
SO_1421,Pharmacy_3,Product_23,60,41,9691.36
SO_1422,Pharmacy_21,Product_18,148,84,1614.43
SO_1423,Pharmacy_28,Product_49,17,17,6269.41
SO_1424,Pharmacy_46,Product_39,84,16,5170.15
SO_1425,Pharmacy_42,Product_11,63,31,6689.43
SO_1426,Pharmacy_49,Product_11,117,19,9851.34
SO_1427,Pharmacy_25,Product_20,72,72,4913.69
SO_1428,Pharmacy_17,Product_7,64,44,7357.93
SO_1429,Pharmacy_13,Product_14,11,6,7102.33
SO_1430,Pharmacy_30,Product_42,33,29,1886.26
SO_1431,Pharmacy_19,Product_2,76,64,9873.29
SO_1432,Pharmacy_22,Product_18,160,95,2498.32
SO_1433,Pharmacy_25,Product_4,161,78,5816.66
SO_1434,Pharmacy_26,Product_5,160,145,1283.83
SO_1435,Pharmacy_10,Product_6,77,48,1246.5
SO_1436,Pharmacy_48,Product_15,150,118,8303.69
SO_1437,Pharmacy_47,Product_37,106,32,2091.08
SO_1438,Pharmacy_35,Product_26,49,32,6357.74
SO_1439,Pharmacy_9,Product_35,160,138,3338.94
SO_1440,Pharmacy_34,Product_23,8,5,7942.52
SO_1441,Pharmacy_29,Product_40,111,83,8240.84
SO_1442,Pharmacy_19,Product_31,7,5,6176.02
SO_1443,Pharmacy_15,Product_42,22,22,4797.02
SO_1444,Pharmacy_24,Product_50,3,3,6136.15
SO_1445,Pharmacy_24,Product_28,12,5,2015.67
SO_1446,Pharmacy_31,Product_4,45,5,4966.73
SO_1447,Pharmacy_31,Product_14,173,158,2230.12
SO_1448,Pharmacy_20,Product_26,119,51,2035.89
SO_1449,Pharmacy_23,Product_45,198,113,7332.42
SO_1450,Pharmacy_5,Product_18,150,112,5186.13
SO_1451,Pharmacy_16,Product_24,156,0,2395.65
SO_1452,Pharmacy_36,Product_29,35,16,2433.99
SO_1453,Pharmacy_36,Product_42,135,23,4894.92
SO_1454,Pharmacy_40,Product_33,94,53,8539.33
SO_1455,Pharmacy_41,Product_39,37,27,3786.38
SO_1456,Pharmacy_8,Product_31,108,65,5661.35
SO_1457,Pharmacy_12,Product_4,179,179,5997.42
SO_1458,Pharmacy_13,Product_18,164,94,6258.79
SO_1459,Pharmacy_3,Product_12,79,38,9056.67
SO_1460,Pharmacy_40,Product_33,6,2,4146.55
SO_1461,Pharmacy_37,Product_37,18,3,6499.82
SO_1462,Pharmacy_39,Product_1,143,117,4350.45
SO_1463,Pharmacy_19,Product_34,87,33,6509.14
SO_1464,Pharmacy_16,Product_48,14,8,2848.7
SO_1465,Pharmacy_46,Product_40,60,57,4347.7
SO_1466,Pharmacy_18,Product_34,14,0,6133.03
SO_1467,Pharmacy_4,Product_15,70,46,6695.17
SO_1468,Pharmacy_4,Product_34,89,18,7847.99
SO_1469,Pharmacy_28,Product_2,184,174,4268.27
SO_1470,Pharmacy_37,Product_10,151,20,1198.22
SO_1471,Pharmacy_17,Product_21,14,7,3643.45
SO_1472,Pharmacy_31,Product_4,93,83,4593.43
SO_1473,Pharmacy_26,Product_19,20,9,6084.9
SO_1474,Pharmacy_11,Product_2,1,0,4103.91
SO_1475,Pharmacy_9,Product_36,107,22,7495.82
SO_1476,Pharmacy_29,Product_3,165,134,4740.5
SO_1477,Pharmacy_35,Product_12,111,98,8748.58
SO_1478,Pharmacy_50,Product_24,108,48,9873.58
SO_1479,Pharmacy_10,Product_24,37,22,9397.75
SO_1480,Pharmacy_5,Product_35,29,6,2210.1
SO_1481,Pharmacy_10,Product_3,59,46,3503.48
SO_1482,Pharmacy_36,Product_23,179,156,4820.03
SO_1483,Pharmacy_15,Product_42,171,120,5144.04
SO_1484,Pharmacy_20,Product_19,172,48,1760.79
SO_1485,Pharmacy_21,Product_39,52,32,7194.47
SO_1486,Pharmacy_41,Product_50,124,84,4715.63
SO_1487,Pharmacy_26,Product_32,5,2,9651.79
SO_1488,Pharmacy_8,Product_22,175,150,9473.84
SO_1489,Pharmacy_2,Product_2,158,118,5223.16
SO_1490,Pharmacy_33,Product_9,145,94,7800.93
SO_1491,Pharmacy_15,Product_26,72,46,8057.35
SO_1492,Pharmacy_12,Product_21,196,54,6759.41
SO_1493,Pharmacy_49,Product_30,53,42,6836.23
SO_1494,Pharmacy_40,Product_33,105,72,9994.43
SO_1495,Pharmacy_33,Product_14,198,73,3522.06
SO_1496,Pharmacy_8,Product_30,161,145,7932.66
SO_1497,Pharmacy_23,Product_23,77,40,3242.51
SO_1498,Pharmacy_5,Product_6,68,65,9293.91
SO_1499,Pharmacy_35,Product_49,19,15,8174.54
SO_1500,Pharmacy_39,Product_35,82,40,8754.56
SO_1501,Pharmacy_38,Product_19,129,106,1641.99
SO_1502,Pharmacy_39,Product_29,54,10,6486.98
SO_1503,Pharmacy_8,Product_7,199,188,5852.67
SO_1504,Pharmacy_15,Product_19,147,44,2756.67
SO_1505,Pharmacy_38,Product_19,35,0,2659.06
SO_1506,Pharmacy_46,Product_42,11,11,6385.16
SO_1507,Pharmacy_40,Product_48,174,157,5254.23
SO_1508,Pharmacy_13,Product_24,85,52,5052.23
SO_1509,Pharmacy_47,Product_17,117,109,8230.78
SO_1510,Pharmacy_44,Product_12,153,28,6011.64
SO_1511,Pharmacy_13,Product_39,44,4,5028.61
SO_1512,Pharmacy_4,Product_20,43,34,7322.17
SO_1513,Pharmacy_12,Product_12,123,95,5451.72
SO_1514,Pharmacy_33,Product_7,21,17,2813.08
SO_1515,Pharmacy_44,Product_34,51,34,1072.54
SO_1516,Pharmacy_45,Product_22,21,3,2080.15
SO_1517,Pharmacy_7,Product_33,196,111,2939.38
SO_1518,Pharmacy_20,Product_24,52,39,5556.47
SO_1519,Pharmacy_5,Product_27,136,90,3457.42
SO_1520,Pharmacy_35,Product_17,164,63,9778.89
SO_1521,Pharmacy_17,Product_39,90,90,1657.92
SO_1522,Pharmacy_42,Product_20,7,2,5489.05
SO_1523,Pharmacy_7,Product_13,71,54,3305.14
SO_1524,Pharmacy_46,Product_16,170,60,8249.61
SO_1525,Pharmacy_17,Product_24,172,95,912.42
SO_1526,Pharmacy_37,Product_13,106,71,6138.62
SO_1527,Pharmacy_44,Product_41,26,26,2514.43
SO_1528,Pharmacy_17,Product_34,10,4,9105.97
SO_1529,Pharmacy_11,Product_27,152,41,3857.5
SO_1530,Pharmacy_8,Product_37,154,52,7453.6
SO_1531,Pharmacy_39,Product_32,100,28,4525.51
SO_1532,Pharmacy_2,Product_45,89,59,4791.79
SO_1533,Pharmacy_10,Product_29,69,25,2096.13
SO_1534,Pharmacy_1,Product_32,108,53,1409.29
SO_1535,Pharmacy_11,Product_17,176,129,3466.58
SO_1536,Pharmacy_23,Product_11,163,144,2703.5
SO_1537,Pharmacy_5,Product_45,78,78,6504.15
SO_1538,Pharmacy_50,Product_15,185,128,1796.18
SO_1539,Pharmacy_28,Product_16,85,50,6920.49
SO_1540,Pharmacy_26,Product_42,42,42,7078.14
SO_1541,Pharmacy_37,Product_44,24,10,1719.75
SO_1542,Pharmacy_22,Product_23,19,2,9102.49
SO_1543,Pharmacy_19,Product_18,109,99,1254.48
SO_1544,Pharmacy_4,Product_4,97,10,3986.08
SO_1545,Pharmacy_39,Product_33,70,70,3872.46
SO_1546,Pharmacy_13,Product_31,196,190,6861.22
SO_1547,Pharmacy_15,Product_10,172,92,2720.26
SO_1548,Pharmacy_10,Product_16,149,117,6961.25
SO_1549,Pharmacy_50,Product_13,44,5,3581.17
SO_1550,Pharmacy_16,Product_26,3,0,9957.06
SO_1551,Pharmacy_29,Product_15,30,6,3668.91
SO_1552,Pharmacy_37,Product_8,150,115,2165.38
SO_1553,Pharmacy_3,Product_31,31,19,7670.96
SO_1554,Pharmacy_7,Product_8,55,17,4778.52
SO_1555,Pharmacy_20,Product_11,144,89,511.75
SO_1556,Pharmacy_19,Product_2,144,133,9308.19
SO_1557,Pharmacy_12,Product_37,23,18,4293.5
SO_1558,Pharmacy_6,Product_49,104,38,6879.81
SO_1559,Pharmacy_5,Product_31,84,70,6424.06
SO_1560,Pharmacy_32,Product_15,32,20,7929.27
SO_1561,Pharmacy_44,Product_36,142,78,1617.67
SO_1562,Pharmacy_42,Product_26,151,54,1332.61
SO_1563,Pharmacy_9,Product_31,193,38,3402.48
SO_1564,Pharmacy_38,Product_35,180,118,8796.7
SO_1565,Pharmacy_31,Product_37,6,3,9234.22
SO_1566,Pharmacy_2,Product_20,171,171,4214.91
SO_1567,Pharmacy_10,Product_10,12,12,9340.65
SO_1568,Pharmacy_15,Product_37,42,42,6905.89
SO_1569,Pharmacy_42,Product_32,158,127,7353.51
SO_1570,Pharmacy_14,Product_44,67,26,1268.73
SO_1571,Pharmacy_39,Product_50,149,133,717.49
SO_1572,Pharmacy_10,Product_2,91,26,9768.3
SO_1573,Pharmacy_36,Product_49,10,9,8313.57
SO_1574,Pharmacy_7,Product_13,25,0,6260.52
SO_1575,Pharmacy_38,Product_7,65,34,6259.4
SO_1576,Pharmacy_8,Product_26,54,24,9551.58
SO_1577,Pharmacy_44,Product_29,134,117,1890.55
SO_1578,Pharmacy_29,Product_39,117,68,5308.02
SO_1579,Pharmacy_36,Product_37,79,22,9649.59
SO_1580,Pharmacy_30,Product_34,188,89,6145.76
SO_1581,Pharmacy_5,Product_14,31,21,5308.35
SO_1582,Pharmacy_46,Product_8,146,119,503.16
SO_1583,Pharmacy_21,Product_40,43,19,6386.09
SO_1584,Pharmacy_6,Product_49,60,12,5862.19
SO_1585,Pharmacy_23,Product_1,162,21,4868.1
SO_1586,Pharmacy_21,Product_39,130,130,6385.23
SO_1587,Pharmacy_29,Product_6,83,47,2121.32
SO_1588,Pharmacy_30,Product_49,149,72,1459.94
SO_1589,Pharmacy_13,Product_8,80,31,7070.37
SO_1590,Pharmacy_38,Product_30,97,62,8232.72
SO_1591,Pharmacy_40,Product_21,103,61,2597.62
SO_1592,Pharmacy_12,Product_19,52,46,7381.02
SO_1593,Pharmacy_15,Product_2,116,84,4345.59
SO_1594,Pharmacy_33,Product_12,7,0,2180.43
SO_1595,Pharmacy_19,Product_5,86,86,9656.31
SO_1596,Pharmacy_2,Product_40,183,78,682.33
SO_1597,Pharmacy_39,Product_20,79,0,6030.41
SO_1598,Pharmacy_30,Product_30,58,42,3573.25
SO_1599,Pharmacy_26,Product_26,181,43,8114.6
SO_1600,Pharmacy_18,Product_20,173,97,3025.59
SO_1601,Pharmacy_20,Product_46,139,65,4816.58
SO_1602,Pharmacy_3,Product_29,52,20,1708.4
SO_1603,Pharmacy_9,Product_34,34,15,3584.42
SO_1604,Pharmacy_43,Product_41,82,0,4247.52
SO_1605,Pharmacy_11,Product_28,166,77,4227.74
SO_1606,Pharmacy_20,Product_5,42,16,7037.28
SO_1607,Pharmacy_24,Product_7,60,54,1225.96
SO_1608,Pharmacy_15,Product_40,97,55,6553.41
SO_1609,Pharmacy_11,Product_14,34,29,4170.31
SO_1610,Pharmacy_30,Product_14,177,72,5424.88
SO_1611,Pharmacy_22,Product_49,69,44,7505.62
SO_1612,Pharmacy_40,Product_41,193,80,861.21
SO_1613,Pharmacy_39,Product_32,87,50,7305.07
SO_1614,Pharmacy_5,Product_22,109,61,837.92
SO_1615,Pharmacy_6,Product_15,148,92,7506.33
SO_1616,Pharmacy_26,Product_36,58,38,9722.12
SO_1617,Pharmacy_45,Product_42,135,80,7946.51
SO_1618,Pharmacy_6,Product_23,51,48,3017.94
SO_1619,Pharmacy_46,Product_48,38,30,1284.87
SO_1620,Pharmacy_10,Product_6,112,87,4128.43
SO_1621,Pharmacy_42,Product_15,178,176,599.06
SO_1622,Pharmacy_47,Product_39,36,35,6617.09
SO_1623,Pharmacy_38,Product_13,122,93,5043.43
SO_1624,Pharmacy_22,Product_22,114,41,5006.19
SO_1625,Pharmacy_10,Product_10,2,0,6217.88
SO_1626,Pharmacy_40,Product_26,181,110,6356.75
SO_1627,Pharmacy_19,Product_30,11,9,915.49
SO_1628,Pharmacy_23,Product_8,17,4,4674.35
SO_1629,Pharmacy_6,Product_8,114,1,9459.22
SO_1630,Pharmacy_15,Product_32,158,104,5212.45
SO_1631,Pharmacy_50,Product_39,113,85,6635.2
SO_1632,Pharmacy_42,Product_43,122,84,8541.89
SO_1633,Pharmacy_24,Product_20,175,118,2896.29
SO_1634,Pharmacy_39,Product_45,141,100,2215.65
SO_1635,Pharmacy_9,Product_44,86,86,7655.28
SO_1636,Pharmacy_35,Product_19,89,50,7396.81
SO_1637,Pharmacy_50,Product_13,27,15,9668.73
SO_1638,Pharmacy_21,Product_22,151,112,5651.25
SO_1639,Pharmacy_4,Product_27,189,154,7562.53
SO_1640,Pharmacy_3,Product_15,3,2,7044.41
SO_1641,Pharmacy_14,Product_12,39,2,5983.14
SO_1642,Pharmacy_24,Product_6,25,10,4884.8
SO_1643,Pharmacy_44,Product_13,144,107,8211.65
SO_1644,Pharmacy_32,Product_35,108,58,8100.67
SO_1645,Pharmacy_41,Product_42,10,3,7552.31
SO_1646,Pharmacy_48,Product_37,46,11,3876.15
SO_1647,Pharmacy_13,Product_6,13,9,5617.61
SO_1648,Pharmacy_33,Product_23,164,27,1914.44
SO_1649,Pharmacy_3,Product_32,70,18,8828.18
SO_1650,Pharmacy_29,Product_42,101,51,6611.97
SO_1651,Pharmacy_4,Product_31,138,43,8918.86
SO_1652,Pharmacy_39,Product_7,154,26,7108.37
SO_1653,Pharmacy_13,Product_2,149,10,776.18
SO_1654,Pharmacy_2,Product_20,174,165,1383.41
SO_1655,Pharmacy_34,Product_15,119,50,8805.49
SO_1656,Pharmacy_43,Product_25,14,6,2641.67
SO_1657,Pharmacy_37,Product_30,132,91,1001.64
SO_1658,Pharmacy_38,Product_50,24,21,3063.3
SO_1659,Pharmacy_4,Product_9,60,46,3560.03
SO_1660,Pharmacy_8,Product_44,63,58,7222.97
SO_1661,Pharmacy_42,Product_18,159,64,8338.74
SO_1662,Pharmacy_32,Product_30,19,4,3617.83
SO_1663,Pharmacy_42,Product_46,183,99,2740.65
SO_1664,Pharmacy_48,Product_21,63,46,7488.8
SO_1665,Pharmacy_38,Product_45,57,10,9364.58
SO_1666,Pharmacy_45,Product_7,45,33,5213.58
SO_1667,Pharmacy_19,Product_2,47,12,1624.19
SO_1668,Pharmacy_1,Product_9,198,136,9806.64
SO_1669,Pharmacy_40,Product_22,3,0,748.87
SO_1670,Pharmacy_26,Product_22,113,113,7127.87
SO_1671,Pharmacy_13,Product_50,109,109,7934.53
SO_1672,Pharmacy_26,Product_47,147,67,8790.94
SO_1673,Pharmacy_8,Product_15,93,11,4886.46
SO_1674,Pharmacy_29,Product_6,49,39,7207.18
SO_1675,Pharmacy_17,Product_28,90,51,1265.71
SO_1676,Pharmacy_6,Product_5,39,0,7430.33
SO_1677,Pharmacy_26,Product_49,70,38,1044.16
SO_1678,Pharmacy_30,Product_5,174,52,7638.06
SO_1679,Pharmacy_13,Product_23,152,104,4984.57
SO_1680,Pharmacy_10,Product_22,158,136,9760.93
SO_1681,Pharmacy_20,Product_8,144,56,7714.28
SO_1682,Pharmacy_20,Product_2,106,48,1985.63
SO_1683,Pharmacy_42,Product_28,184,149,941.76
SO_1684,Pharmacy_17,Product_9,82,0,3799.76
SO_1685,Pharmacy_8,Product_1,127,109,2749.45
SO_1686,Pharmacy_24,Product_18,160,107,5821.6
SO_1687,Pharmacy_2,Product_6,199,124,4237.75
SO_1688,Pharmacy_36,Product_34,154,20,7442.8
SO_1689,Pharmacy_30,Product_21,58,25,9805.73
SO_1690,Pharmacy_2,Product_15,69,18,5870.64
SO_1691,Pharmacy_30,Product_11,147,113,3432.64
SO_1692,Pharmacy_26,Product_7,85,9,1583.91
SO_1693,Pharmacy_5,Product_46,178,168,7340.08
SO_1694,Pharmacy_14,Product_3,127,100,5831.62
SO_1695,Pharmacy_29,Product_48,81,37,9814.91
SO_1696,Pharmacy_33,Product_39,61,44,1142.85
SO_1697,Pharmacy_9,Product_23,86,69,5713.97
SO_1698,Pharmacy_39,Product_7,98,56,5104.61
SO_1699,Pharmacy_12,Product_6,85,29,1839.12
SO_1700,Pharmacy_18,Product_28,22,16,4891.81
SO_1701,Pharmacy_2,Product_47,112,97,4871.54
SO_1702,Pharmacy_26,Product_14,167,64,5368.78
SO_1703,Pharmacy_30,Product_7,188,116,3881.75
SO_1704,Pharmacy_38,Product_25,99,40,2064.71
SO_1705,Pharmacy_6,Product_33,127,45,7705.04
SO_1706,Pharmacy_26,Product_29,116,19,8839.39
SO_1707,Pharmacy_3,Product_4,116,72,8770.5
SO_1708,Pharmacy_11,Product_6,155,97,7631.93
SO_1709,Pharmacy_29,Product_26,113,89,758.09
SO_1710,Pharmacy_31,Product_8,153,79,3183.09
SO_1711,Pharmacy_22,Product_4,42,16,5229.22
SO_1712,Pharmacy_29,Product_31,6,2,4275.12
SO_1713,Pharmacy_23,Product_5,171,0,7868.31
SO_1714,Pharmacy_48,Product_47,51,22,1393.34
SO_1715,Pharmacy_6,Product_36,41,18,5987.14
SO_1716,Pharmacy_36,Product_7,85,77,2360.49
SO_1717,Pharmacy_46,Product_35,104,19,5441.81
SO_1718,Pharmacy_7,Product_49,60,53,3509.24
SO_1719,Pharmacy_33,Product_42,131,104,3949.46
SO_1720,Pharmacy_34,Product_30,27,13,2250.14
SO_1721,Pharmacy_42,Product_5,101,48,7460.03
SO_1722,Pharmacy_8,Product_49,176,95,6345.33
SO_1723,Pharmacy_21,Product_36,19,4,8882.96
SO_1724,Pharmacy_45,Product_33,12,4,9889.95
SO_1725,Pharmacy_49,Product_28,109,102,9849.05
SO_1726,Pharmacy_14,Product_38,21,6,9972.24
SO_1727,Pharmacy_12,Product_17,59,56,2041.22
SO_1728,Pharmacy_6,Product_35,27,11,778.96
SO_1729,Pharmacy_38,Product_16,148,101,8957.45
SO_1730,Pharmacy_12,Product_43,126,86,3699.98
SO_1731,Pharmacy_14,Product_19,9,5,8281.1
SO_1732,Pharmacy_7,Product_14,178,122,9886.62
SO_1733,Pharmacy_17,Product_12,194,91,8305.55
SO_1734,Pharmacy_8,Product_47,108,28,8282.92
SO_1735,Pharmacy_28,Product_46,76,26,3684.48
SO_1736,Pharmacy_25,Product_29,21,8,9100.92
SO_1737,Pharmacy_17,Product_18,51,51,4778.33
SO_1738,Pharmacy_9,Product_44,58,14,5983.87
SO_1739,Pharmacy_1,Product_17,17,17,8493.75
SO_1740,Pharmacy_35,Product_25,139,63,795.6
SO_1741,Pharmacy_14,Product_13,125,99,6923.69
SO_1742,Pharmacy_2,Product_29,66,21,6725.18
SO_1743,Pharmacy_12,Product_27,1,0,8451.89
SO_1744,Pharmacy_26,Product_25,87,46,8730.67
SO_1745,Pharmacy_46,Product_20,47,19,3400.45
SO_1746,Pharmacy_37,Product_32,191,191,9084.27
SO_1747,Pharmacy_2,Product_34,145,64,7777.62
SO_1748,Pharmacy_43,Product_3,99,84,501.79
SO_1749,Pharmacy_35,Product_27,187,131,1554.4
SO_1750,Pharmacy_34,Product_41,120,24,4125.31
SO_1751,Pharmacy_23,Product_49,190,80,4113.81
SO_1752,Pharmacy_34,Product_38,30,17,671
SO_1753,Pharmacy_40,Product_43,168,168,7529.09
SO_1754,Pharmacy_19,Product_38,154,117,8474.88
SO_1755,Pharmacy_5,Product_15,173,149,9646.7
SO_1756,Pharmacy_38,Product_49,63,63,5560.42
SO_1757,Pharmacy_29,Product_20,19,16,8791.16
SO_1758,Pharmacy_3,Product_19,142,68,1149.24
SO_1759,Pharmacy_40,Product_13,30,15,938.17
SO_1760,Pharmacy_25,Product_12,161,5,6184.4
SO_1761,Pharmacy_41,Product_45,187,95,7437.34
SO_1762,Pharmacy_33,Product_1,41,29,6135.6
SO_1763,Pharmacy_32,Product_22,169,146,9895.77
SO_1764,Pharmacy_10,Product_50,183,177,3210.26
SO_1765,Pharmacy_32,Product_37,12,7,6036.66
SO_1766,Pharmacy_16,Product_22,64,45,6758.84
SO_1767,Pharmacy_28,Product_31,48,48,8398.05
SO_1768,Pharmacy_17,Product_20,195,195,5489.78
SO_1769,Pharmacy_13,Product_14,137,78,6857.4
SO_1770,Pharmacy_11,Product_39,65,17,3737.75
SO_1771,Pharmacy_1,Product_35,52,29,4712.11
SO_1772,Pharmacy_42,Product_30,21,20,7175.02
SO_1773,Pharmacy_20,Product_9,132,132,6926.05
SO_1774,Pharmacy_20,Product_13,92,48,5132.84
SO_1775,Pharmacy_20,Product_50,86,29,2995.42
SO_1776,Pharmacy_42,Product_26,162,114,3055.11
SO_1777,Pharmacy_33,Product_38,166,98,1173.86
SO_1778,Pharmacy_4,Product_15,153,128,2769.14
SO_1779,Pharmacy_20,Product_24,106,70,9729.56
SO_1780,Pharmacy_24,Product_41,93,93,4962.57
SO_1781,Pharmacy_12,Product_31,176,78,3166.49
SO_1782,Pharmacy_44,Product_24,56,49,8614.29
SO_1783,Pharmacy_24,Product_18,113,113,2581.15
SO_1784,Pharmacy_11,Product_36,43,19,4897.09
SO_1785,Pharmacy_43,Product_32,177,147,2575.84
SO_1786,Pharmacy_39,Product_16,106,75,4271.64
SO_1787,Pharmacy_27,Product_17,37,20,3203.34
SO_1788,Pharmacy_1,Product_43,17,8,5320.41
SO_1789,Pharmacy_19,Product_46,41,14,781.85
SO_1790,Pharmacy_34,Product_10,192,92,4248.47
SO_1791,Pharmacy_19,Product_11,108,43,7433.67
SO_1792,Pharmacy_39,Product_12,72,48,6275.1
SO_1793,Pharmacy_28,Product_42,161,121,8326.01
SO_1794,Pharmacy_46,Product_47,103,86,885.31
SO_1795,Pharmacy_43,Product_20,84,63,7022.6
SO_1796,Pharmacy_24,Product_14,194,179,6795.31
SO_1797,Pharmacy_50,Product_41,147,114,6165.05
SO_1798,Pharmacy_12,Product_23,168,94,1261.71
SO_1799,Pharmacy_13,Product_20,143,89,7623.58
SO_1800,Pharmacy_7,Product_38,2,1,3938.24
SO_1801,Pharmacy_10,Product_36,75,71,6187.58
SO_1802,Pharmacy_29,Product_16,142,115,6319.45
SO_1803,Pharmacy_29,Product_16,28,18,2132.56
SO_1804,Pharmacy_28,Product_33,198,122,1850.3
SO_1805,Pharmacy_24,Product_43,81,30,7101.38
SO_1806,Pharmacy_34,Product_35,12,6,5983.4
SO_1807,Pharmacy_32,Product_36,101,3,1668.53
SO_1808,Pharmacy_17,Product_41,49,26,8258.87
SO_1809,Pharmacy_24,Product_17,38,5,8533.24
SO_1810,Pharmacy_32,Product_13,182,93,1237.34
SO_1811,Pharmacy_8,Product_27,73,67,3409.98
SO_1812,Pharmacy_18,Product_37,122,21,4150.28
SO_1813,Pharmacy_19,Product_28,195,144,8646.84
SO_1814,Pharmacy_22,Product_7,79,38,8951.69
SO_1815,Pharmacy_22,Product_4,160,107,4026.14
SO_1816,Pharmacy_50,Product_7,57,32,5495.22
SO_1817,Pharmacy_16,Product_34,34,16,2085.17
SO_1818,Pharmacy_40,Product_10,165,78,7738.11
SO_1819,Pharmacy_17,Product_18,47,30,1967.37
SO_1820,Pharmacy_10,Product_28,157,0,563.75
SO_1821,Pharmacy_1,Product_30,126,88,6161.89
SO_1822,Pharmacy_39,Product_1,113,100,3963.64
SO_1823,Pharmacy_27,Product_30,116,116,6012.1
SO_1824,Pharmacy_14,Product_38,65,39,1790
SO_1825,Pharmacy_35,Product_23,154,111,870.46
SO_1826,Pharmacy_26,Product_19,107,28,721.84
SO_1827,Pharmacy_1,Product_39,59,28,1897.09
SO_1828,Pharmacy_7,Product_9,30,18,4018.77
SO_1829,Pharmacy_4,Product_16,124,72,3482.68
SO_1830,Pharmacy_46,Product_17,87,55,5681.12
SO_1831,Pharmacy_10,Product_6,29,17,3239.85
SO_1832,Pharmacy_42,Product_27,175,104,5556.45
SO_1833,Pharmacy_43,Product_33,109,78,7738.07
SO_1834,Pharmacy_5,Product_37,123,57,8354.74
SO_1835,Pharmacy_9,Product_11,109,98,2348.93
SO_1836,Pharmacy_36,Product_2,85,18,9680.97
SO_1837,Pharmacy_9,Product_27,103,35,5675.86
SO_1838,Pharmacy_39,Product_15,129,35,4718.42
SO_1839,Pharmacy_22,Product_36,111,74,8259.19
SO_1840,Pharmacy_24,Product_16,179,145,3354.65
SO_1841,Pharmacy_24,Product_29,152,130,6396.27
SO_1842,Pharmacy_36,Product_18,165,64,8599.3
SO_1843,Pharmacy_30,Product_45,101,74,5658.73
SO_1844,Pharmacy_17,Product_28,147,99,6191.65
SO_1845,Pharmacy_21,Product_41,54,15,5567.17
SO_1846,Pharmacy_42,Product_46,140,55,6967.18
SO_1847,Pharmacy_31,Product_3,169,105,8832.36
SO_1848,Pharmacy_27,Product_34,12,3,7668.9
SO_1849,Pharmacy_38,Product_12,70,42,6092.95
SO_1850,Pharmacy_35,Product_18,102,102,4691.63
SO_1851,Pharmacy_50,Product_47,155,137,5357.12
SO_1852,Pharmacy_38,Product_35,179,101,4712.83
SO_1853,Pharmacy_4,Product_43,175,155,7763.01
SO_1854,Pharmacy_40,Product_11,4,2,9963.17
SO_1855,Pharmacy_43,Product_8,72,72,8612.64
SO_1856,Pharmacy_37,Product_1,81,14,2783.63
SO_1857,Pharmacy_34,Product_8,63,56,8892.92
SO_1858,Pharmacy_36,Product_35,187,152,7744.67
SO_1859,Pharmacy_32,Product_41,22,7,7033.36
SO_1860,Pharmacy_48,Product_23,171,106,6509.17
SO_1861,Pharmacy_12,Product_26,21,19,3907.8
SO_1862,Pharmacy_11,Product_40,194,187,5521.49
SO_1863,Pharmacy_50,Product_34,47,15,9910.19
SO_1864,Pharmacy_47,Product_50,114,100,3298.88
SO_1865,Pharmacy_16,Product_33,135,101,919.54
SO_1866,Pharmacy_45,Product_25,36,27,1857.08
SO_1867,Pharmacy_50,Product_26,136,110,7804.77
SO_1868,Pharmacy_3,Product_15,128,83,7150.33
SO_1869,Pharmacy_48,Product_30,191,122,1341.74
SO_1870,Pharmacy_50,Product_25,9,2,7030.36
SO_1871,Pharmacy_27,Product_17,102,91,3408.3
SO_1872,Pharmacy_34,Product_48,72,45,9503.04
SO_1873,Pharmacy_15,Product_21,34,19,557.84
SO_1874,Pharmacy_50,Product_26,83,2,1230.19
SO_1875,Pharmacy_38,Product_20,119,79,8499.71
SO_1876,Pharmacy_39,Product_4,124,67,1192.57
SO_1877,Pharmacy_12,Product_20,13,8,6835.12
SO_1878,Pharmacy_50,Product_23,159,58,8133.09
SO_1879,Pharmacy_12,Product_43,120,38,4348.48
SO_1880,Pharmacy_45,Product_21,27,16,8501.19
SO_1881,Pharmacy_41,Product_14,145,72,6584.52
SO_1882,Pharmacy_50,Product_1,181,181,2284.51
SO_1883,Pharmacy_41,Product_3,183,83,5279.3
SO_1884,Pharmacy_39,Product_8,190,188,5769.24
SO_1885,Pharmacy_47,Product_23,148,80,6984.86
SO_1886,Pharmacy_33,Product_26,14,1,3380.34
SO_1887,Pharmacy_7,Product_34,79,42,5748.76
SO_1888,Pharmacy_6,Product_3,191,74,2006.93
SO_1889,Pharmacy_16,Product_22,34,34,1771.37
SO_1890,Pharmacy_29,Product_18,98,30,4323.24
SO_1891,Pharmacy_36,Product_39,185,162,501.28
SO_1892,Pharmacy_22,Product_24,93,46,8473.72
SO_1893,Pharmacy_10,Product_48,169,109,3733.52
SO_1894,Pharmacy_13,Product_12,172,58,1467.98
SO_1895,Pharmacy_16,Product_2,65,60,1734.33
SO_1896,Pharmacy_30,Product_15,137,62,7994.86
SO_1897,Pharmacy_39,Product_31,143,123,9458.35
SO_1898,Pharmacy_27,Product_9,83,44,9658.74
SO_1899,Pharmacy_9,Product_36,165,136,1602.22
SO_1900,Pharmacy_18,Product_22,157,157,7186.64
SO_1901,Pharmacy_6,Product_33,138,27,1821.6
SO_1902,Pharmacy_42,Product_27,149,81,3145.17
SO_1903,Pharmacy_47,Product_38,11,7,9532.34
SO_1904,Pharmacy_17,Product_47,175,175,9994.93
SO_1905,Pharmacy_39,Product_37,145,69,3920.48
SO_1906,Pharmacy_15,Product_44,48,42,5021.69
SO_1907,Pharmacy_12,Product_16,146,74,6527.03
SO_1908,Pharmacy_22,Product_2,105,101,8578.31
SO_1909,Pharmacy_41,Product_41,16,8,4026.04
SO_1910,Pharmacy_40,Product_13,166,151,2549.54
SO_1911,Pharmacy_47,Product_26,109,62,7663.22
SO_1912,Pharmacy_14,Product_50,162,129,1694.38
SO_1913,Pharmacy_6,Product_25,3,1,3498.46
SO_1914,Pharmacy_24,Product_30,172,172,2392.55
SO_1915,Pharmacy_34,Product_17,100,37,1310.74
SO_1916,Pharmacy_25,Product_12,13,0,8437.06
SO_1917,Pharmacy_21,Product_12,46,29,2797.94
SO_1918,Pharmacy_37,Product_8,102,54,5182.21
SO_1919,Pharmacy_10,Product_37,111,33,3637.31
SO_1920,Pharmacy_44,Product_11,12,6,4908.9
SO_1921,Pharmacy_5,Product_8,122,73,5430.81
SO_1922,Pharmacy_18,Product_2,65,59,7842.75
SO_1923,Pharmacy_12,Product_49,104,39,1749.42
SO_1924,Pharmacy_6,Product_1,27,10,4134.51
SO_1925,Pharmacy_41,Product_10,162,103,2226.52
SO_1926,Pharmacy_12,Product_41,135,85,3806.91
SO_1927,Pharmacy_40,Product_30,126,126,5921.17
SO_1928,Pharmacy_33,Product_44,43,33,8852.92
SO_1929,Pharmacy_29,Product_4,51,51,724.15
SO_1930,Pharmacy_21,Product_3,75,53,3265.87
SO_1931,Pharmacy_17,Product_48,45,42,4281.05
SO_1932,Pharmacy_10,Product_21,132,90,9405.1
SO_1933,Pharmacy_29,Product_27,156,120,4997.31
SO_1934,Pharmacy_31,Product_41,124,48,9599
SO_1935,Pharmacy_34,Product_5,137,80,2772.01
SO_1936,Pharmacy_28,Product_47,56,33,9646.3
SO_1937,Pharmacy_14,Product_38,28,18,7880.82
SO_1938,Pharmacy_5,Product_28,17,6,1837.63
SO_1939,Pharmacy_18,Product_48,26,10,8548.35
SO_1940,Pharmacy_47,Product_41,45,39,2056.87
SO_1941,Pharmacy_38,Product_35,65,40,3779.33
SO_1942,Pharmacy_17,Product_42,52,50,5618.72
SO_1943,Pharmacy_47,Product_35,159,52,7223.35
SO_1944,Pharmacy_17,Product_44,26,9,1775.61
SO_1945,Pharmacy_28,Product_35,178,178,3368.21
SO_1946,Pharmacy_26,Product_20,15,11,9641.95
SO_1947,Pharmacy_40,Product_46,134,74,3109.69
SO_1948,Pharmacy_15,Product_44,86,58,2212.93
SO_1949,Pharmacy_50,Product_37,3,3,2074.62
SO_1950,Pharmacy_18,Product_5,93,82,6906.32
SO_1951,Pharmacy_19,Product_44,75,43,8034.86
SO_1952,Pharmacy_41,Product_43,11,11,1534.49
SO_1953,Pharmacy_47,Product_19,68,18,9538.58
SO_1954,Pharmacy_25,Product_1,48,36,5464.13
SO_1955,Pharmacy_27,Product_18,76,43,2965.65
SO_1956,Pharmacy_38,Product_19,89,31,7133.96
SO_1957,Pharmacy_24,Product_49,43,42,5453.87
SO_1958,Pharmacy_3,Product_50,194,111,8615.11
SO_1959,Pharmacy_21,Product_23,96,69,3445
SO_1960,Pharmacy_15,Product_50,94,94,2045.65
SO_1961,Pharmacy_1,Product_19,88,83,7754
SO_1962,Pharmacy_42,Product_2,93,47,585.87
SO_1963,Pharmacy_13,Product_31,101,60,4081.36
SO_1964,Pharmacy_5,Product_31,156,123,2609.72
SO_1965,Pharmacy_42,Product_45,104,22,8556.4
SO_1966,Pharmacy_24,Product_31,176,97,777.11
SO_1967,Pharmacy_36,Product_27,195,65,8999.11
SO_1968,Pharmacy_34,Product_9,173,85,4279.45
SO_1969,Pharmacy_40,Product_14,155,62,9571.05
SO_1970,Pharmacy_39,Product_27,129,25,7665.52
SO_1971,Pharmacy_15,Product_41,163,19,1048.18
SO_1972,Pharmacy_20,Product_49,103,4,7981.72
SO_1973,Pharmacy_20,Product_3,116,104,4170.07
SO_1974,Pharmacy_44,Product_5,181,181,2783.79
SO_1975,Pharmacy_37,Product_39,58,13,8834.88
SO_1976,Pharmacy_4,Product_17,148,89,2598.1
SO_1977,Pharmacy_32,Product_41,105,32,2672.6
SO_1978,Pharmacy_48,Product_14,193,128,3183.55
SO_1979,Pharmacy_9,Product_42,68,36,6025.41
SO_1980,Pharmacy_44,Product_8,139,2,3600.22
SO_1981,Pharmacy_21,Product_15,115,115,3183.71
SO_1982,Pharmacy_23,Product_46,188,162,8535.57
SO_1983,Pharmacy_28,Product_20,133,73,4484.76
SO_1984,Pharmacy_48,Product_8,132,23,2925.44
SO_1985,Pharmacy_23,Product_50,112,74,3649.86
SO_1986,Pharmacy_20,Product_39,103,64,3961.37
SO_1987,Pharmacy_9,Product_35,122,61,9437.45
SO_1988,Pharmacy_44,Product_8,165,54,8354.09
SO_1989,Pharmacy_31,Product_18,191,109,3655.81
SO_1990,Pharmacy_5,Product_10,24,22,5398.76
SO_1991,Pharmacy_31,Product_37,177,80,5621.4
SO_1992,Pharmacy_12,Product_3,116,52,1714.73
SO_1993,Pharmacy_22,Product_15,62,35,5554.21
SO_1994,Pharmacy_46,Product_45,188,74,9744.24
SO_1995,Pharmacy_42,Product_24,135,82,2433.99
SO_1996,Pharmacy_11,Product_30,85,24,514
SO_1997,Pharmacy_23,Product_49,47,17,2315.63
SO_1998,Pharmacy_4,Product_15,76,61,7548.02
SO_1999,Pharmacy_14,Product_48,197,50,7711.15
